date,aapl_adjusted_close,spy_adjusted_close,aapl_momentum_5d,aapl_future_return_5d,spy_future_return_5d,outperformed,average_sentiment_5d,headline_count_5d
2023-01-10,128.54823303222656,373.4663391113281,0.045254436046175,0.0342694203847642,0.0023297592816322,1,-0.1038799379245344,83
2023-01-11,131.26222229003906,378.1898498535156,0.0564263421051807,0.0133341842585574,-0.0173945987601397,1,-0.0512571175431096,86
2023-01-12,131.18353271484375,379.5667724609375,0.0671094356259707,0.0334307133774498,-0.0027206117171386,1,-0.0533809195081871,83
2023-01-13,132.510986328125,381.0392761230469,0.0396542179775238,0.0471211067404861,0.0053451514689177,1,-0.1180299866584039,93
2023-01-17,133.6713409423828,380.34130859375,0.0444873340656033,0.0484769616513618,0.0061088705277305,1,-0.1074087362663418,102
2023-01-18,132.95350646972656,374.33642578125,0.0342694203847642,0.0491825028138208,0.0226316000579149,1,-0.0533326709711993,108
2023-01-19,133.0124969482422,371.61138916015625,0.0133341842585574,0.0642419555019802,0.0414522111508601,1,-0.0640533196298699,95
2023-01-20,135.569091796875,378.53411865234375,0.0334307133774498,0.0584609015813331,0.0247548212218089,1,-0.0665146857500076,88
2023-01-23,138.7550506591797,383.0759887695313,0.0471211067404861,0.0133935950168972,-9.989935180154674e-05,1,0.0508114350469488,95
2023-01-24,140.1513214111328,382.6647644042969,0.0484769616513618,0.01234823418335,0.0156922804790975,0,0.0320027337262504,76
2023-01-25,139.49249267578125,382.8082580566406,0.0491825028138208,0.0251656679552558,0.0261020908952993,0,0.0471663637594743,55
2023-01-26,141.55747985839844,387.0155029296875,0.0642419555019802,0.0476521192858423,0.0297219841718683,1,0.0040070822945347,54
2023-01-27,143.4945831298828,387.9046630859375,0.0584609015813331,0.0587267564512821,0.016441688445943,1,0.0341292432060948,54
2023-01-30,140.6134796142578,383.0377197265625,0.0133935950168972,0.0610490551255011,0.023065989556527,1,-0.0089145662455723,58
2023-01-31,141.88194274902344,388.6696472167969,0.01234823418335,0.0718000725933294,0.0214278866391115,1,-0.097367750480771,64
2023-02-01,143.00291442871094,392.80035400390625,0.0251656679552558,0.044626246780381,-0.0003653093763309,1,-0.1787077712290214,66
2023-02-02,148.30299377441406,398.5183715820313,0.0476521192858423,0.0003313034992131,-0.0232497233634412,1,-0.1337886539901175,82
2023-02-03,151.9215545654297,394.282470703125,0.0587267564512821,-0.0210963255440181,-0.010452290150782,0,-0.265757237540351,135
2023-02-06,149.1977996826172,391.8728637695313,0.0610490551255011,0.0155204218687854,0.007320131237009,1,-0.314549368469655,119
2023-02-07,152.06907653808594,396.9980163574219,0.0718000725933294,-0.0078637374938528,-0.0061417509382666,0,-0.2748418249867179,110
2023-02-08,149.3845977783203,392.6568603515625,0.044626246780381,0.0240071852404717,0.0081093810476444,1,-0.2660410751899083,108
2023-02-09,148.3521270751953,389.2529296875,0.0003313034992131,0.020379936857187,0.0029230798178603,1,-0.2968736699093943,92
2023-02-10,148.71656799316406,390.1613159179687,-0.0210963255440181,0.0101978301690006,-0.001911644181382,1,-0.035475169122219,40
2023-02-13,151.51341247558594,394.7414245605469,0.0155204218687854,-0.0349042855072564,-0.0332826255072812,0,0.0465154562677655,42
2023-02-14,150.8732452392578,394.5597534179687,-0.0078637374938528,-0.0280024665164925,-0.034170257192124,1,0.0286858081817626,47
2023-02-15,152.9709014892578,395.841064453125,0.0240071852404717,-0.0381765729841524,-0.0321756667992709,0,0.0100744161112555,58
2023-02-16,151.3755340576172,390.3907470703125,0.020379936857187,-0.0455403315966347,-0.0291465413164957,0,0.0447471062342325,60
2023-02-17,150.233154296875,389.41546630859375,0.0101978301690006,-0.0303508746983448,-0.023400190872268,0,6.337364514668783e-05,60
2023-02-21,146.22494506835938,381.6033935546875,-0.0349042855072564,-0.0072063043319011,-0.007090795385297,0,-0.0406840993412609,58
2023-02-22,146.64842224121094,381.0775451660156,-0.0280024665164925,-0.0241757381915315,-0.0095348425809608,0,-0.126981348351196,54
2023-02-23,147.13099670410156,383.1046142578125,-0.0381765729841524,-0.023360215017521,-0.0071131945553026,0,-0.0513947983582814,45
2023-02-24,144.48184204101562,379.01220703125,-0.0455403315966347,0.0294458768738721,0.0197031725664342,1,0.001227484243672,41
2023-02-27,145.67344665527344,380.3030700683594,-0.0303508746983448,0.0399541000675092,0.0169458257578316,1,-0.0302030265331268,45
2023-02-28,145.17120361328125,378.89752197265625,-0.0072063043319011,0.0284241859839351,0.0050722012443262,1,-0.1017212122678756,48
2023-03-01,143.10308837890625,377.4440307617187,-0.0241757381915315,0.0520268693905701,0.0105893506885383,1,-0.0103553434213002,48
2023-03-02,143.69398498535156,380.3795166015625,-0.023360215017521,0.0320745314203512,-0.0157109807260366,1,-0.1387483156644381,52
2023-03-03,148.73623657226562,386.4799499511719,0.0294458768738721,-0.0167518536399503,-0.0452261596195567,1,-0.1096249632537365,64
2023-03-06,151.4936981201172,386.74761962890625,0.0399541000675092,-0.0218423291581602,-0.0472467885525591,1,0.003197394221662,83
2023-03-07,149.29757690429688,380.8193664550781,0.0284241859839351,0.00653031581198,-0.0164211160323011,1,0.0670839234402305,76
2023-03-08,150.5482940673828,381.44091796875,0.0520268693905701,0.0007846886984252,-0.0241653449668518,1,0.0809439590999058,77
2023-03-09,148.3029022216797,374.40338134765625,0.0320745314203512,0.0349292877515683,0.0116199682926532,1,0.1220069731338114,79
2023-03-10,146.24462890625,369.0009460449219,-0.0167518536399503,0.0437712222337225,0.0144290709207675,1,0.0596091477076212,75
2023-03-13,148.18472290039062,368.47503662109375,-0.0218423291581602,0.0460556082654735,0.0256453642024847,1,0.0196128090222676,54
2023-03-14,150.2725372314453,374.5658874511719,0.00653031581198,0.0438430703654177,0.0222155775219929,1,-0.0552305747877876,53
2023-03-15,150.6664276123047,372.2232666015625,0.0007846886984252,0.0316363811293716,0.0111140335026318,1,-0.1807326728647405,55
2023-03-16,153.48301696777344,378.7539367675781,0.0349292877515683,0.0197625668540639,-0.0036337093946189,1,-0.1927137090401216,44
2023-03-17,152.64593505859375,374.3252868652344,0.0437712222337225,0.0338711154276913,0.0147698198198564,1,-0.0849605752871586,39
2023-03-20,155.00946044921875,377.9247131347656,0.0460556082654735,0.0055907744101115,0.0069843458049392,0,-0.0819710741440455,36
2023-03-21,156.86094665527344,382.8870849609375,0.0438430703654177,-0.0102339105911952,-0.0082977296196435,0,-0.0168459902744035,37
2023-03-22,155.43296813964844,376.3601684570313,0.0316363811293716,0.0186276776366263,0.0235649990229123,0,0.09761393815279,30
2023-03-23,156.5162353515625,377.3776550292969,0.0197625668540639,0.0215818788454984,0.0267823373465974,0,0.1025232718307144,49
2023-03-24,157.81622314453125,379.85400390625,0.0338711154276913,0.0290170482518783,0.0344662223741902,0,0.0714022492369016,54
2023-03-27,155.87608337402344,380.5642700195313,0.0055907744101115,0.0498484899654887,0.036469925014013,1,0.0786662977515605,57
2023-03-28,155.25564575195312,379.7099914550781,-0.0102339105911952,0.0506187127966903,0.033038568236819,1,0.0749380744871546,61
2023-03-29,158.3283233642578,385.2290954589844,0.0186276776366263,0.0185977435873712,0.0155722956492683,1,0.0460769759642111,74
2023-03-30,159.89414978027344,387.4847106933594,0.0215818788454984,0.0141659993684404,0.013598933110626,1,0.0290286976193624,63
2023-03-31,162.3955841064453,392.9461364746094,0.0290170482518783,-0.0174045127592408,0.0005371985325635,0,0.0010544704273343,64
2023-04-03,163.64627075195312,394.44342041015625,0.0498484899654887,-0.0323161756547162,-0.002993008499262,0,-0.0561358386011266,67
2023-04-04,163.11448669433594,392.2550659179687,0.0506187127966903,-0.0333876807306655,-0.001517262261995,0,-0.0882848067717118,66
2023-04-05,161.2728729248047,391.2279968261719,0.0185977435873712,0.0109917714516898,0.0144012847667416,0,0.0124952187613835,63
2023-04-06,162.15921020507812,392.7540893554687,0.0141659993684404,0.0033402758526981,0.0079917536962212,0,-0.0436138376112907,62
2023-04-10,159.5691680908203,393.1572265625,-0.0174045127592408,0.0197494148950156,0.0105712375774045,1,-0.1587743443601271,68
2023-04-11,158.35784912109375,393.2628479003906,-0.0323161756547162,0.0352612317814173,0.010958731261403,1,-0.1251178477491651,70
2023-04-12,157.66847229003906,391.659912109375,-0.0333876807306655,0.0470332753602766,0.0149246776820661,1,-0.2039677049432482,70
2023-04-13,163.04554748535156,396.8621826171875,0.0109917714516898,0.0065834979901926,-0.0038453967048025,1,-0.2402387235845838,70
2023-04-14,162.70086669921875,395.8928833007813,0.0033402758526981,-0.0011499832501216,-0.0006304818348926,0,-0.1872548122904194,67
2023-04-17,162.72056579589844,397.3133850097656,0.0197494148950156,0.0006053982279723,-0.0031647958989687,1,0.0582389641139242,72
2023-04-18,163.94174194335938,397.572509765625,0.0352612317814173,-0.0162192484311834,-0.0196276290992024,1,0.0887006387281953,89
2023-04-19,165.08413696289062,397.50531005859375,0.0470332753602766,-0.0230867974852282,-0.0236152229319607,1,0.1716128264335875,94
2023-04-20,164.11895751953125,395.3360900878906,0.0065834979901926,0.0105611908104539,0.0012869013421181,1,0.1952723691409284,88
2023-04-21,162.51376342773438,395.6432800292969,-0.0011499832501216,0.0282390445070102,0.0090489839166971,1,0.1928096190094947,88
2023-04-24,162.81907653808594,396.0559692382813,0.0006053982279723,0.0257663386505107,0.0069796012655913,1,0.1411145184491131,74
2023-04-25,161.28273010253906,389.76910400390625,-0.0162192484311834,0.0291262154292999,0.0117216989663444,1,0.1267996849837126,54
2023-04-26,161.2728729248047,388.1181335449219,-0.0230867974852282,0.0225331598603826,0.0090512904888442,1,0.137294782156294,44
2023-04-27,165.8522491455078,395.8448486328125,0.0105611908104539,-0.0155573136173622,-0.0176524726922521,1,0.0291880093514919,40
2023-04-28,167.10299682617188,399.2234497070313,0.0282390445070102,0.0229253030381337,-0.0079341042493231,1,0.0401109731511065,38
2023-05-01,167.0143280029297,398.8202819824219,0.0257663386505107,0.0230556968369781,-0.0066665427048753,1,-0.0081909858598941,41
2023-05-02,165.98028564453125,394.3378601074219,0.0291262154292999,0.0191647413180968,0.0002190894469233,1,-0.1251853875657345,47
2023-05-03,164.9068603515625,391.631103515625,0.0225331598603826,0.0364882705599234,0.0118377915381695,1,-0.1427425368357513,59
2023-05-04,163.27203369140625,388.8572082519531,-0.0155573136173622,0.0480125784611795,0.0172785071942376,1,-0.0997104487921062,76
2023-05-05,170.9338836669922,396.0559692382813,0.0229253030381337,-0.0043860545710028,-0.0025205036044951,0,-0.0199974582475774,136
2023-05-08,170.86495971679688,396.1615295410156,0.0230556968369781,-0.0068702744091119,0.0006543197389561,0,-0.0153448600322008,144
2023-05-09,169.1612548828125,394.42425537109375,0.0191647413180968,0.0031320155090783,-0.0016546876032438,1,0.0230481486548395,136
2023-05-10,170.9240264892578,396.26715087890625,0.0364882705599234,-0.0036364197967857,0.0057648579324789,0,0.0410604821884726,127
2023-05-11,171.11114501953125,395.5760803222656,0.0480125784611795,0.0088757385896482,0.0172276590838449,0,0.0297006283117377,115
2023-05-12,170.1841583251953,395.0577087402344,-0.0043860545710028,0.0150083532162863,0.017080163219701,0,-0.0270647752497877,56
2023-05-15,169.69107055664062,396.4207458496094,-0.0068702744091119,0.0123786134075434,0.0139947797964807,0,-0.0258823126893151,44
2023-05-16,169.69107055664062,393.7716064453125,0.0031320155090783,-0.002963885752145,0.0093601479581508,0,-0.0574324070367702,43
2023-05-17,170.30247497558594,398.5515747070313,-0.0036364197967857,-0.0049221647310625,-0.0099706441277767,1,0.0109247392479409,47
2023-05-18,172.6298828125,402.3909301757813,0.0088757385896482,-0.0117680938265458,-0.0109249173299309,0,0.0225605460194249,48
2023-05-19,172.73834228515625,401.8053588867187,0.0150083532162863,0.001541440456231,0.0033442809317505,0,-0.1047437310499965,53
2023-05-22,171.79161071777344,401.9685668945313,0.0123786134075434,0.0177956545856099,0.0033190081831464,1,-0.1565128564834594,54
2023-05-23,169.18812561035156,397.4573669433594,-0.002963885752145,0.0331662053986174,0.0090800877127044,1,-0.211673035621643,50
2023-05-24,169.46421813964844,394.5777587890625,-0.0049221647310625,0.0480098742959553,0.0261015796095818,1,-0.346279175657975,38
2023-05-25,170.59835815429688,397.9948425292969,-0.0117680938265458,0.0460140993998927,0.032002926044905,1,-0.3650176699819236,29
2023-05-26,173.00460815429688,403.1491088867187,0.001541440456231,0.0236561377946609,0.0168562775209515,1,-0.3388888011960422,17
2023-05-30,174.8487548828125,403.3027038574219,0.0177956545856099,0.0107727730648907,0.0186824893913724,0,-0.5649262964725494,5
2023-05-31,174.79945373535156,401.0663146972656,0.0331662053986174,0.0032157911152541,0.0208206562385839,0,0.1285964006727392,11
2023-06-01,177.6001739501953,404.8768615722656,0.0480098742959553,0.0026653882288352,0.0173296083027028,0,0.0303296116845948,28
2023-06-02,178.4482879638672,410.7318420410156,0.0460140993998927,5.532379512351859e-05,0.0046269888662942,0,0.0004427077678533,52
2023-06-05,177.09722900390625,409.9447021484375,0.0236561377946609,0.0234435016186116,0.0156874810728271,1,0.1106550885283428,115
2023-06-06,176.73236083984375,410.83740234375,0.0107727730648907,0.0228782079463789,0.02016197802459,1,0.0925871729850769,187
2023-06-07,175.361572265625,409.4167785644531,0.0032157911152541,0.0344730161315696,0.0249210462702511,1,0.1022450956702232,200
2023-06-08,178.07354736328125,411.8932189941406,0.0026653882288352,0.0301267464525969,0.031389168356003,0,0.1061457201992113,194
2023-06-09,178.45816040039062,412.6322937011719,5.532379512351859e-05,0.0218833264332045,0.0260347966350458,0,0.1072444945246308,182
2023-06-12,181.24900817871097,416.3757019042969,0.0234435016186116,0.0066381357319857,0.0115350570614534,0,0.0483116398330863,131
2023-06-13,180.7756805419922,419.1206970214844,0.0228782079463789,0.0035458667217003,-0.0002389733843211,1,-0.0284575707772198,85
2023-06-14,181.4068145751953,419.619873046875,0.0344730161315696,0.0165805665340224,0.0021764199019875,1,-0.0238028446288958,73
2023-06-15,183.43832397460935,424.82220458984375,0.0301267464525969,0.0036020354332551,-0.0175798785308709,1,-0.0246458718742149,69
2023-06-16,182.36341857910156,423.3750915527344,0.0218833264332045,0.0018926702037231,-0.0182496339152845,1,-0.0010699209725034,58
2023-06-20,182.45216369628903,421.1786193847656,0.0066381357319857,0.016485569136883,-0.0023101646156223,1,0.0353815407966667,53
2023-06-21,181.41668701171875,419.0205383300781,0.0035458667217003,0.028756134495115,0.0033339730300467,1,0.1860752583992096,31
2023-06-22,184.4146423339844,420.53314208984375,0.0165805665340224,0.0138503886958889,0.0036652314980445,1,0.0388189597198596,26
2023-06-23,184.0990753173828,417.3538818359375,0.0036020354332551,0.039050760966512,0.0232451331002996,1,0.0878851534798741,24
2023-06-26,182.7085723876953,415.6486511230469,0.0018926702037231,0.0388082033481071,0.0286251626746745,1,0.006187238295873,30
2023-06-27,185.45999145507812,420.20562744140625,0.016485569136883,0.017388158567013,0.0159570226455989,1,-0.1491897808653967,28
2023-06-28,186.6335296630859,420.41754150390625,0.028756134495115,0.0135271107571899,0.0074931900876886,1,-0.0418650335387179,38
2023-06-29,186.96885681152344,422.0744934082031,0.0138503886958889,0.0057491146591936,0.0010044440067655,1,0.0303398881639753,42
2023-06-30,191.2882843017578,427.0553283691406,0.039050760966512,-0.0276332615389793,-0.0081664320261853,0,0.1616465300321579,72
2023-07-03,189.79916381835935,427.5466613769531,0.0388082033481071,-0.0227578847205465,-0.0029969630650552,0,0.1519364503522714,96
2023-07-05,188.6847991943359,426.9108581542969,0.017388158567013,-0.00815331377323,0.0065216886249674,0,0.1300619649437238,106
2023-07-06,189.15814208984375,423.56781005859375,0.0135271107571899,-0.0066212146683286,0.0225174304206139,0,0.1217206421651338,95
2023-07-07,188.04376220703125,422.4984436035156,0.0057491146591936,5.2500739229799365e-05,0.0244670256895391,0,0.0817406647735171,90
2023-07-10,186.0023651123047,423.56781005859375,-0.0276332615389793,0.0285246308589004,0.0254287087331144,1,-0.0570324179479631,59
2023-07-11,185.479736328125,426.2653198242187,-0.0227578847205465,0.0300403106387177,0.0265109291600964,1,-0.0380997997383738,43
2023-07-12,187.1463928222656,429.6950378417969,-0.00815331377323,0.0280863340417549,0.0205820963225999,1,0.0737595657507578,33
2023-07-13,187.9056854248047,433.10546875,-0.0066212146683286,0.0135931477036135,0.0058278607666291,1,0.0914369523525238,35
2023-07-14,188.0536346435547,432.8357238769531,5.2500739229799365e-05,0.0065551075060512,0.0064546965235747,1,0.1418379078308741,30
2023-07-17,191.3080139160156,434.3385925292969,0.0285246308589004,-0.006392072079085,0.007452920647927,0,0.1510064279710924,37
2023-07-18,191.05160522460935,437.5660095214844,0.0300403106387177,-0.0005679368613306,0.0027522354153737,0,0.1067554681531844,31
2023-07-19,192.40264892578125,438.5390625,0.0280863340417549,-0.0030753491470583,0.0006810694021341,0,0.1374709606170654,37
2023-07-20,190.4599151611328,435.6295471191406,0.0135931477036135,0.0004659516786638,0.0006855481257095,0,0.1560920331536269,41
2023-07-21,189.28634643554688,435.6295471191406,0.0065551075060512,0.0202667941414274,0.0104826655310452,1,0.1402158997952938,46
2023-07-24,190.0851593017578,437.57568359375,-0.006392072079085,0.0191957869931505,0.0079039061323096,1,0.1474867425031132,45
2023-07-25,190.9430999755859,438.7702941894531,-0.0005679368613306,0.010277978913741,0.0022834786691126,1,0.0185329373925924,44
2023-07-26,191.8109436035156,438.8377380371094,-0.0030753491470583,-0.009871268671261,-0.0118110534647997,1,-0.0052473543113783,38
2023-07-27,190.5486602783203,435.9281921386719,0.0004659516786638,-0.0106096375525641,-0.0080664384705235,0,-0.06469382279936,34
2023-07-28,193.12257385253903,440.1961059570313,0.0202667941414274,-0.0706736730375526,-0.0221264104452293,0,-0.0554676340384916,33
2023-07-31,193.73399353027344,441.03424072265625,0.0191957869931505,-0.0895900784394123,-0.0154656752337596,0,-0.0192859169509675,45
2023-08-01,192.90560913085935,439.772216796875,0.010277978913741,-0.0808239854545016,-0.0169339540677962,0,0.1412575844054421,48
2023-08-02,189.9175262451172,433.6546020507813,-0.009871268671261,-0.0747221995695955,-0.0097304052345132,0,0.1323813157012829,52
2023-08-03,188.52700805664065,432.4118041992187,-0.0106096375525641,-0.0690484719682379,-0.0065279298086633,0,0.084957914892584,64
2023-08-04,179.47389221191406,430.4561462402344,-0.0706736730375526,-0.0217588826935144,-0.002596278943342,0,-0.0738152142652531,97
2023-08-07,176.37734985351562,434.2133483886719,-0.0895900784394123,0.004765609954991,-0.0057685726822095,1,-0.1227266539584149,91
2023-08-08,177.314208984375,432.32513427734375,-0.0808239854545016,-0.0117373110058255,-0.013058547566324,1,-0.1687627409366851,94
2023-08-09,175.72647094726562,429.4349670410156,-0.0747221995695955,-0.007753544724441,-0.013707274694467,1,-0.1829568165905621,98
2023-08-10,175.50950622558594,429.5890502929687,-0.0690484719682379,-0.0209868711100346,-0.0215737639888228,1,-0.2084728680377782,86
2023-08-11,175.56874084472656,429.3385620117187,-0.0217588826935144,-0.0185612415287127,-0.0205318722604704,1,-0.1171872514598774,53
2023-08-14,177.2178955078125,431.70855712890625,0.004765609954991,-0.0201715114456914,-0.0195711562928515,0,-0.0900852692127227,50
2023-08-15,175.23301696777344,426.6795959472656,-0.0117373110058255,-0.0012398913242525,-0.0107024049101674,1,-0.0194035550443137,41
2023-08-16,174.3639678955078,423.548583984375,-0.007753544724441,0.0257688794120161,0.0077108029201287,1,0.0106103989210995,33
2023-08-17,171.82611083984375,420.3211975097656,-0.0209868711100346,0.0136781627160282,0.0013752184060435,1,0.0266922346183231,35
2023-08-18,172.30996704101562,420.5234375,-0.0185612415287127,0.0236116766287306,0.0079496581641183,1,0.0447049978024819,34
2023-08-21,173.6431427001953,423.259521484375,-0.0201715114456914,0.0247383165916468,0.0077844210349022,1,0.0115243545733392,32
2023-08-22,175.0157470703125,422.1130981445313,-0.0012398913242525,0.0388758963514024,0.0251284684381687,1,-0.0197389932542011,29
2023-08-23,178.8571319580078,426.8144836425781,0.0257688794120161,0.0360534982439655,0.018012339179501,1,-0.0148622707046311,29
2023-08-24,174.17637634277344,420.8992309570313,0.0136781627160282,0.0651432790504065,0.030808454102392,1,0.0377360406730856,28
2023-08-25,176.3784942626953,423.866455078125,0.0236116766287306,0.0607468150098697,0.0255018699345739,1,0.0644675741593043,30
2023-08-28,177.93878173828125,426.5543518066406,0.0247383165916468,0.0527774719253166,0.0146355531488016,1,0.1287971204146742,32
2023-08-29,181.81964111328125,432.72015380859375,0.0388758963514024,-0.0065715643822804,-0.0065457050501664,0,0.1133714353754406,42
2023-08-30,185.30555725097656,434.5024108886719,0.0360534982439655,-0.0537702612402561,-0.0136581734154388,0,0.1049738675355911,44
2023-08-31,185.52279663085935,433.8664855957031,0.0651432790504065,-0.0515780748521476,-0.010724743311446,0,0.106159933069919,47
2023-09-01,187.09292602539065,434.67584228515625,0.0607468150098697,-0.0533093413581342,-0.0060728932538713,0,0.0651137769222259,50
2023-09-05,187.32994079589844,432.7972106933594,0.0527774719253166,-0.0706377162555068,-0.0072344331319804,0,0.0179974927621729,51
2023-09-06,180.6248016357422,429.8876953125,-0.0065715643822804,-0.0475644749488212,0.0006499812587317,0,-0.0931144895092133,62
2023-09-07,175.3416290283203,428.5679016113281,-0.0537702612402561,-0.0102500272165046,0.0123859661890324,0,-0.2746717575937509,96
2023-09-08,175.95388793945312,429.21337890625,-0.0515780748521476,-0.017791120769064,-0.0013155851513431,0,-0.320519484039666,138
2023-09-11,177.11912536621094,432.0361022949219,-0.0533093413581342,-0.0077496974201302,-0.00725862100752,0,-0.2179386704056351,189
2023-09-12,174.09738159179688,429.6661682128906,-0.0706377162555068,0.0157117933369712,-0.003853174244943,1,-0.222806081437228,228
2023-09-13,172.03347778320312,430.1671142578125,-0.0475644749488212,0.0073474511161848,-0.0141603306990577,1,-0.1921912381087491,259
2023-09-14,173.54437255859375,433.8761291503906,-0.0102500272165046,-0.0102994670724788,-0.0387429273432778,1,-0.1499408796185352,244
2023-09-15,172.82347106933594,428.6487121582031,-0.017791120769064,-0.0012570898925222,-0.0292081118550735,1,-0.0948803971211115,216
2023-09-18,175.7465057373047,428.9001159667969,-0.0077496974201302,-0.0106199810500738,-0.0256972311264412,1,-0.1132750299998692,175
2023-09-19,176.832763671875,428.0105895996094,0.0157117933369712,-0.0397051940682611,-0.0380157619391189,0,-0.0386351902682082,133
2023-09-20,173.2974853515625,424.0758056640625,0.0073474511161848,-0.0288336304716716,-0.0287024086442571,0,-0.0368585278478901,89
2023-09-21,171.7569580078125,417.0664978027344,-0.0102994670724788,-0.0186280279140574,-0.0066531615596899,0,0.0505367354913191,77
2023-09-22,172.60621643066406,416.1286926269531,-0.0012570898925222,-0.0204816670837783,-0.0068304499107306,0,0.0642503212455292,71
2023-09-25,173.8800811767578,417.8785705566406,-0.0106199810500738,-0.013232526619282,-0.0113826398730157,0,0.0200257482131322,75
2023-09-26,169.81158447265625,411.7394409179687,-0.0397051940682611,0.0025585931673324,-0.0100732455481733,1,-0.0137680778900782,75
2023-09-27,168.30068969726562,411.90380859375,-0.0288336304716716,0.0189521905928273,-0.0032625130544975,1,0.0456355849487914,72
2023-09-28,168.55746459960938,414.2916870117187,-0.0186280279140574,0.0247231225006974,-0.0093810103635147,1,-0.058895370089694,76
2023-09-29,169.07095336914062,413.2863464355469,-0.0204816670837783,0.0366801820250366,0.0048189534524731,1,-0.1021172353919123,71
2023-10-02,171.57920837402344,413.12200927734375,-0.013232526619282,0.0301584358379545,0.0116541241744403,1,-0.1616750419139862,60
2023-10-03,170.24606323242188,407.5918884277344,0.0025585931673324,0.0347448644584873,0.030717047828271,1,-0.2159037631133507,58
2023-10-04,171.4903564453125,410.5599670410156,0.0189521905928273,0.035356379938342,0.027457125720524,1,-0.2769229524275836,85
2023-10-05,172.7247314453125,410.40521240234375,0.0247231225006974,0.0331598362074996,0.0215784198847157,1,-0.2098878139181982,79
2023-10-06,175.2725067138672,415.2779541015625,0.0366801820250366,0.0076624543307153,0.0045630353352497,1,-0.2420978137891586,73
2023-10-09,176.75376892089844,417.93658447265625,0.0301584358379545,-0.0015084944536455,0.0086746599804043,0,-0.2333186705907186,75
2023-10-10,176.16123962402344,420.1119079589844,0.0347448644584873,-0.0069510328497346,0.0034057988437936,0,-0.2104970869952685,73
2023-10-11,177.5536346435547,421.832763671875,0.035356379938342,-0.0220242855135566,-0.0140034274264726,0,-0.1708266496658325,45
2023-10-12,178.45225524902344,419.2611083984375,0.0331598362074996,-0.0290519567813621,-0.0166719462922325,0,-0.2318273484706878,36
2023-10-13,176.6155242919922,417.1728820800781,0.0076624543307153,-0.0333800301088367,-0.0238934811693498,0,-0.1716169469496783,34
2023-10-16,176.4871368408203,421.5620422363281,-0.0015084944536455,-0.0320055029019317,-0.035730571253487,1,-0.1091336520279155,34
2023-10-17,174.93673706054688,421.542724609375,-0.0069510328497346,-0.0209425421822586,-0.0284160441180815,1,-0.1366891367094857,35
2023-10-18,173.6431427001953,415.9256591796875,-0.0220242855135566,-0.0269564424993346,-0.0294275786753179,1,-0.0868890837711446,34
2023-10-19,173.2678680419922,412.2712097167969,-0.0290519567813621,-0.0488429922882591,-0.0325494216837093,0,-0.0763666747432006,38
2023-10-20,170.7200927734375,407.2051696777344,-0.0333800301088367,-0.0269550938515121,-0.024953199354972,0,0.0269133011077312,47
2023-10-23,170.8385772705078,406.4993896484375,-0.0320055029019317,-0.0156645939466117,-0.0115825080937392,0,-0.0655984762361494,59
2023-10-24,171.2731170654297,409.5641479492187,-0.0209425421822586,-0.0153943742090443,-0.0128177596855221,0,-0.0466439303469984,73
2023-10-25,168.96234130859375,403.68597412109375,-0.0269564424993346,0.0167738692523404,0.0122380722925083,1,-0.0301423428989038,82
2023-10-26,164.80494689941406,398.8520202636719,-0.0488429922882591,0.0639940699903718,0.0441401229098128,1,-0.0198772608497996,81
2023-10-27,166.11831665039062,397.0440979003906,-0.0269550938515121,0.0501129356565286,0.05846410943418,0,-0.1084294028580188,80
2023-10-30,168.16246032714844,401.7911071777344,-0.0156645939466117,0.0524985039509757,0.0483649758303483,1,-0.0696152587731679,90
2023-10-31,168.636474609375,404.314453125,-0.0153943742090443,0.0647068883146213,0.0447871529740251,1,-0.0518437617703488,95
2023-11-01,171.79649353027344,408.6263122558594,0.0167738692523404,0.0512730646233565,0.0345195363030865,1,-0.0768988241954725,98
2023-11-02,175.3514862060547,416.4573974609375,0.0639940699903718,0.0272569176289079,0.0071501976041286,1,-0.0572130371223796,110
2023-11-03,174.4429931640625,420.2569274902344,0.0501129356565286,0.0565839967754508,0.0136187848373017,1,-0.1726274194161584,163
2023-11-06,176.99073791503906,421.2237243652344,0.0524985039509757,0.0324358483059055,0.0103284446859115,1,-0.1607095703182604,149
2023-11-07,179.5484161376953,422.4225463867187,0.0647068883146213,0.0322677582044865,0.0270066151122436,1,-0.202417524685537,133
2023-11-08,180.6050262451172,422.7319030761719,0.0512730646233565,0.0293492865193871,0.0284276461316745,1,-0.1833011058587876,126
2023-11-09,180.1310272216797,419.4351501464844,0.0272569176289079,0.041390023453488,0.0377789634220653,1,-0.2270062147093213,121
2023-11-10,184.3136749267578,425.9803161621094,0.0565839967754508,0.0176503688453713,0.023104521875273,0,-0.0182303705197923,68
2023-11-13,182.73158264160156,425.5743103027344,0.0324358483059055,0.0359849783269954,0.0319632843342225,1,-0.0034845134145335,57
2023-11-14,185.342041015625,433.8307495117187,0.0322677582044865,0.0170722185412579,0.0101173584314768,1,0.0864620045931251,54
2023-11-15,185.90565490722656,434.7491760253906,0.0293492865193871,0.0175523266565233,0.011875168513858,1,0.0431185632392212,54
2023-11-16,187.5866546630859,435.2809753417969,0.041390023453488,0.0013704603804933,0.0112607283300125,0,0.144845418466462,45
2023-11-17,187.56687927246097,435.8223876953125,0.0176503688453713,0.000526911665541,0.0081855451862427,0,0.1816553473472595,42
2023-11-20,189.3071746826172,439.1770629882813,0.0359849783269954,-0.0054846537301006,0.0014750933120901,0,0.081173533617064,43
2023-11-21,188.50624084472656,438.219970703125,0.0170722185412579,-0.006661839598606,0.0029562817662229,0,-0.0297989438219768,41
2023-11-22,189.16873168945312,439.9118957519531,0.0175523266565233,-0.0071090123850541,0.0030328060990216,0,-0.0596279646411086,33
2023-11-24,187.84373474121097,440.18255615234375,0.0013704603804933,0.0066852540106525,0.0083461465559042,0,-0.0180871166834017,41
2023-11-27,187.66571044921875,439.3898315429687,0.000526911665541,-0.0018968424715786,0.0048627142548172,0,-0.0296946327860762,41
2023-11-28,188.26889038085935,439.8248901367187,-0.0054846537301006,0.0158614697703671,0.0036708528937534,1,-0.0098646640777587,35
2023-11-29,187.2504425048828,439.5154724121094,-0.006661839598606,0.0155779441142569,0.0003300226224849,1,-0.0023197701999119,42
2023-11-30,187.8239288330078,441.2460632324219,-0.0071090123850541,0.0227428541625149,0.0040098207652929,1,-0.0116152918857076,46
2023-12-01,189.0995178222656,443.85638427734375,0.0066852540106525,0.0233736840975578,0.0023961987546174,1,-0.0539370971481974,41
2023-12-04,187.3097381591797,441.5264587402344,-0.0018968424715786,0.0197964552409177,0.0116051774893437,1,-0.0452562861821868,44
2023-12-05,191.2551116943359,441.4394226074219,0.0158614697703671,0.006669488303703,0.0164257567203018,0,-0.0105064463886347,44
2023-12-06,190.16741943359375,439.6605224609375,0.0155779441142569,0.0293261263990824,0.0346116513345506,0,0.0371901135031993,52
2023-12-07,192.0955810546875,443.015380859375,0.0227428541625149,0.0197663453112419,0.0300720658264037,0,0.0371749019413663,57
2023-12-08,193.51947021484375,444.9199523925781,0.0233736840975578,0.0095038892987278,0.0239739156028233,0,0.030406956506126,68
2023-12-11,191.0178070068359,446.65045166015625,0.0197964552409177,0.014028309844045,0.0257441970198912,0,0.0215883755417012,67
2023-12-12,192.5306854248047,448.6903991699219,0.006669488303703,0.0114528878540456,0.0272897736311736,0,-0.0057449061685884,71
2023-12-13,195.74429321289065,454.8778991699219,0.0293261263990824,-0.0158112946861699,-0.0007257082464998,0,-0.0624109296636147,66
2023-12-14,195.89260864257812,456.3377685546875,0.0197663453112419,-0.0173136538677545,0.005522201288868,0,-0.0027844967750402,65
2023-12-15,195.3586578369141,455.58642578125,0.0095038892987278,-0.0200941574354498,0.0092045794343442,0,-0.0064991172754539,53
2023-12-18,193.6974639892578,458.1491088867187,0.014028309844045,-0.0144978512555028,0.0077970348966172,0,-0.1376213459298014,64
2023-12-19,194.7357177734375,460.93505859375,0.0114528878540456,-0.0192445659839212,0.0035171001965053,0,-0.1610825714227315,74
2023-12-20,192.6493225097656,454.54779052734375,-0.0158112946861699,-0.0064157631884635,0.0180026723739614,0,-0.1334817232564091,64
2023-12-21,192.50099182128903,458.8577575683594,-0.0173136538677545,-0.0110436601247091,0.0055215364930125,0,-0.2416893200597901,69
2023-12-22,191.43309020996097,459.7799072265625,-0.0200941574354498,-0.0411156471282447,-0.0021112343313464,0,-0.2651924350682427,68
2023-12-26,190.88926696777344,461.7213134765625,-0.0144978512555028,-0.0455842186633078,-0.014422112186877,0,-0.2475605117740915,67
2023-12-27,190.9881134033203,462.55621337890625,-0.0192445659839212,-0.0581931334850838,-0.0193701383159062,0,-0.2195511146595603,76
2023-12-28,191.413330078125,462.7308654785156,-0.0064157631884635,-0.064056224323335,-0.0183974360876792,0,-0.2214110657408997,91
2023-12-29,190.3750762939453,461.391357421875,-0.0110436601247091,-0.036202208950788,-0.0014937622330555,0,-0.1548269126988664,79
2024-01-02,183.56219482421875,458.8092041015625,-0.0411156471282447,-0.0026934483087686,0.0026022564462766,0,-0.2352608304757338,104
2024-01-03,182.1877288818359,455.0623168945313,-0.0455842186633078,0.0105292735967064,0.0165743418393957,0,-0.2314635038375854,100
2024-01-04,179.87391662597656,453.596435546875,-0.0581931334850838,0.020229776903496,0.0194103683075421,1,-0.274186689829089,97
2024-01-05,179.15211486816406,454.2178039550781,-0.064056224323335,0.0261617644215572,0.0187208798500437,1,-0.320947300304066,88
2024-01-08,183.4830780029297,460.7021484375,-0.036202208950788,-0.0104009672719102,0.0006952702545155,0,-0.3260769799903587,108
2024-01-09,183.0677795410156,460.0031433105469,-0.0026934483087686,-0.0132872349558615,-0.0033551194181159,0,-0.2496753534849952,85
2024-01-10,184.1060333251953,462.6046752929687,0.0105292735967064,0.0131048894238177,-0.0001467810745429,1,-0.2385363118884004,81
2024-01-11,183.51272583007812,462.4009094238281,0.020229776903496,0.0321677868141607,0.012763701154564,1,-0.1170790353507706,66
2024-01-12,183.83905029296875,462.7211608886719,0.0261617644215572,0.0428679234759143,0.0142024568989425,1,-0.0460847727398374,67
2024-01-16,181.57467651367188,461.0224609375,-0.0104009672719102,0.0628981725387862,0.0209083548159554,1,-0.0922796957278519,89
2024-01-17,180.63531494140625,458.4597778320313,-0.0132872349558615,0.064703285556587,0.0277371543672586,1,-0.0831485224621636,105
2024-01-18,186.5187225341797,462.5367736816406,0.0131048894238177,0.0293696887462224,0.024218671908015,1,-0.0433612423467225,116
2024-01-19,189.4159240722656,468.3028564453125,0.0321677868141607,0.0044894446896066,0.0103226723825358,0,-0.0655118104645876,123
2024-01-22,191.7198486328125,469.2929382324219,0.0428679234759143,-0.0111404688364536,0.016175405167101,0,-0.0834048709347228,121
2024-01-23,192.99539184570312,470.66168212890625,0.0628981725387862,-0.0365814879113508,0.0124365851194627,0,-0.0065989638137262,86
2024-01-24,192.3230133056641,471.1761474609375,0.064703285556587,-0.0519280223603768,-0.0051710223776676,0,-0.0095432905687226,72
2024-01-25,191.99671936035156,473.7388000488281,0.0293696887462224,-0.0376472547976003,0.0023975305010677,0,-0.0066754473373293,64
2024-01-26,190.26629638671875,473.1369934082031,0.0044894446896066,-0.034144039613476,0.0142386169335901,0,0.0029774418583622,54
2024-01-29,189.58399963378903,476.8839416503906,-0.0111404688364536,-0.0211232945797669,0.0026055683624768,0,0.0219274868140928,64
2024-01-30,185.93533325195312,476.5151062011719,-0.0365814879113508,0.0067006919231102,0.0062946193355422,1,-0.0015871741925366,64
2024-01-31,182.3360595703125,468.73968505859375,-0.0519280223603768,0.0271693322005734,0.031519118063926,0,0.0031159948271054,65
2024-02-01,184.76856994628903,474.8746032714844,-0.0376472547976003,0.0078132013124461,0.0186426168349465,0,-0.0339921306429514,67
2024-02-02,183.76983642578125,479.8738098144531,-0.034144039613476,0.0174387264873949,0.0138565252133533,1,-0.085487108712119,108
2024-02-05,185.5793609619141,478.1264953613281,-0.0211232945797669,-0.0015515375638592,0.0171149383021869,0,-0.0835295717849909,107
2024-02-06,187.1812286376953,479.51458740234375,0.0067006919231102,-0.0212566791409453,0.0002024472634742,0,-0.0717892791461018,103
2024-02-07,187.29000854492188,483.5139465332031,0.0271693322005734,-0.026530037954291,0.0009437770078299,0,-0.1073249063445526,103
2024-02-08,186.2122039794922,483.7275085449219,0.0078132013124461,-0.0224373080638562,0.0074049338761372,0,-0.1303147653738657,90
2024-02-09,186.97454833984375,486.523193359375,0.0174387264873949,-0.0346308225100876,-0.0033718904917153,0,-0.1065965605278809,48
2024-02-12,185.2914276123047,486.3096008300781,-0.0015515375638592,-0.0298690820973183,-0.0084233881147456,0,-0.1599700668373623,37
2024-02-13,183.2023773193359,479.6116638183594,-0.0212566791409453,-0.0146994703053408,0.0063350431712057,0,-0.1660863227314419,36
2024-02-14,182.3211975097656,483.97027587890625,-0.026530037954291,0.0011947841262101,0.0179109460033957,0,-0.0504100546240806,32
2024-02-15,182.0341033935547,487.3094787597656,-0.0224373080638562,-0.0072880597113763,0.0116331521540025,0,0.0253629700803175,41
2024-02-16,180.4994659423828,484.8826904296875,-0.0346308225100876,-0.0063077738138623,0.0129726050744696,0,0.0493911411613225,44
2024-02-20,179.75694274902344,482.2132263183594,-0.0298690820973183,0.0058933576196902,0.0204725436982076,0,0.0222746485880776,51
2024-02-21,180.5093994140625,482.6500244140625,-0.0146994703053408,-0.0049364050169976,0.0182015387965559,0,0.0695639750747769,54
2024-02-22,182.53903198242188,492.6386413574219,0.0011947841262101,-0.0196344892926267,0.0011429256033486,0,0.0611510759649368,52
2024-02-23,180.7074279785156,492.9784240722656,-0.0072880597113763,-0.0156695495895324,0.0098454139636845,0,0.0755881383305504,42
2024-02-26,179.3609161376953,491.1728820800781,-0.0063077738138623,-0.0334509979372326,0.0124707101749248,0,0.0400287896394729,40
2024-02-27,180.8163146972656,492.0853576660156,0.0058933576196902,-0.0684990301247815,0.0004932819329508,0,0.0569815970957279,32
2024-02-28,179.6183319091797,491.43499755859375,-0.0049364050169976,-0.0677985165315419,0.0068936621975737,0,-0.087371057585666,38
2024-02-29,178.95497131347656,493.2016906738281,-0.0196344892926267,-0.0650068600825393,0.0132459571618082,0,-0.1838619667430256,43
2024-03-01,177.87582397460938,497.8320007324219,-0.0156695495895324,-0.0497051196377882,-0.0022032176994988,0,-0.244553563729772,53
2024-03-04,173.36111450195312,497.2981567382813,-0.0334509979372326,-0.013420976334418,-0.001991105992305,0,-0.3309256040132963,65
2024-03-05,168.43057250976562,492.3280944824219,-0.0684990301247815,0.0182809510116896,0.018928248856493,0,-0.385095069106196,71
2024-03-06,167.4404754638672,494.8227844238281,-0.0677985165315419,0.0118850355938677,0.0122020286594228,0,-0.4647059962153435,64
2024-03-07,167.32167053222656,499.734619140625,-0.0650068600825393,0.0236685786167698,0.0002719949504448,1,-0.4623053189246885,62
2024-03-08,169.03448486328125,496.7351684570313,-0.0497051196377882,0.0110702949057597,-0.0005980825234697,1,-0.4577937147834084,55
2024-03-11,171.03443908691406,496.3079833984375,-0.013420976334418,0.0056150850666787,0.0062069037608021,0,-0.368230743954579,48
2024-03-12,171.5096435546875,501.6470031738281,0.0182809510116896,0.0164521422313197,0.0010298717560546,1,-0.2951761239614242,39
2024-03-13,169.43051147460938,500.8606262207031,0.0118850355938677,0.0440600594499287,0.011874945962458,1,-0.2018500191824777,35
2024-03-14,171.2819366455078,499.87054443359375,0.0236685786167698,-0.0094218928185527,0.0172299248865581,0,-0.0623428689108954,36
2024-03-15,170.90574645996094,496.4380798339844,0.0110702949057597,-0.0019698264690286,0.02232124442662,0,-0.1205098221176549,38
2024-03-18,171.99481201171875,499.3885192871094,0.0056150850666787,-0.0165208876056924,0.0134735699414623,0,-0.0963278324940265,39
2024-03-19,174.3313446044922,502.16363525390625,0.0164521422313197,-0.0361765216373701,0.0060112192734345,0,-0.0789947055089168,39
2024-03-20,176.8956298828125,506.8083190917969,0.0440600594499287,-0.0299994858980808,0.0051682729580337,0,-0.0335093943811044,41
2024-03-21,169.6681365966797,508.4832763671875,-0.0094218928185527,0.0006418528530076,0.0016658284309547,0,-0.1015568888042031,41
2024-03-22,170.569091796875,507.5191955566406,-0.0019698264690286,-0.0130601688110372,0.0018226272398078,0,-0.0656733515689957,53
2024-03-25,169.15330505371094,506.1170654296875,-0.0165208876056924,-0.0117646889022374,-0.0017891465037959,0,-0.079615273352327,58
2024-03-26,168.02464294433594,505.1822509765625,-0.0361765216373701,-0.0003536250609921,0.0011564103784675,0,-0.091479952993064,58
2024-03-27,171.58885192871094,509.4276428222656,-0.0299994858980808,-0.0259073011024124,-0.0193051247759153,0,-0.1487797540530823,57
2024-03-28,169.77703857421875,509.330322265625,0.0006418528530076,-0.0110800261861133,-0.0088707215021257,0,-0.1479207923856832,59
2024-04-01,168.3414306640625,508.4442138671875,-0.0130601688110372,-0.0092922462008349,-0.0065880185106268,0,-0.1291374477247397,48
2024-04-02,167.16326904296875,505.2115478515625,-0.0117646889022374,0.0049157423881893,0.0009249296819067,1,-0.1845548496101841,33
2024-04-03,167.96522521972656,505.7664489746094,-0.0003536250609921,-0.0110227603795101,-0.0101846653176816,0,-0.1742099765045889,29
2024-04-04,167.14344787597656,499.5930786132813,-0.0259073011024124,0.0368440026865286,0.0096087721782363,1,-0.1006073848954562,29
2024-04-05,167.89590454101562,504.8121948242187,-0.0110800261861133,0.041101673272911,-0.0146210005437172,1,-0.1605266435392971,29
2024-04-08,166.77716064453125,505.0945739746094,-0.0092922462008349,0.0251704771897438,-0.0275099195278285,1,-0.0945730827472828,27
2024-04-09,167.98500061035156,505.6788330078125,0.0049157423881893,-0.0017090461360705,-0.0304050359672286,1,-0.0938209501596597,26
2024-04-10,166.11378479003906,500.6153869628906,-0.0110227603795101,0.0013112651315632,-0.0263945772308434,1,-0.0198566569336529,29
2024-04-11,173.3016815185547,504.3935546875,0.0368440026865286,-0.0457037240329054,-0.0356757104079582,0,-0.0026419921354814,33
2024-04-12,174.7967071533203,497.4313354492187,0.041101673272911,-0.0654205844069173,-0.0307134491586722,0,0.0942459563414255,30
2024-04-15,170.9750213623047,491.199462890625,0.0251704771897438,-0.0396664209136994,-0.0093765237060706,0,-0.1491218467016478,37
2024-04-16,167.69790649414062,490.30364990234375,-0.0017090461360705,-0.0146417051477445,0.0042101246898005,0,-0.0312308922410011,40
2024-04-17,166.33160400390625,487.40185546875,0.0013112651315632,0.0060713487600989,0.0097092989474043,0,-0.0127721834690012,47
2024-04-18,165.3811492919922,486.3989562988281,-0.0457037240329054,0.0170616212567533,0.0079475749045334,1,0.0287655864072882,46
2024-04-19,163.3614044189453,482.1535034179687,-0.0654205844069173,0.0260605846057366,0.0264561396313207,0,-0.0012123997394855,52
2024-04-22,164.19305419921875,486.5937194824219,-0.0396664209136994,0.0461890630930224,0.0206915111557737,1,0.1548473508585067,42
2024-04-23,165.24252319335938,492.3678894042969,-0.0146417051477445,0.0205513099882226,-0.0072578806217538,1,-0.0022069025546946,47
2024-04-24,167.34146118164062,492.1341857910156,0.0060713487600989,0.0016567139818124,-0.0100115631324896,1,-0.0600240857173235,39
2024-04-25,168.20281982421875,490.2646484375,0.0170616212567533,0.0184826014619887,0.003058700558332,1,-0.3055477610656193,42
2024-04-26,167.6186981201172,494.909423828125,0.0260605846057366,0.0831657799926244,0.0059615746055174,1,-0.3397228419780731,31
2024-04-29,171.7769775390625,496.6620788574219,0.0461890630930224,0.0473200447414257,0.0127633064065446,1,-0.1632272480499176,42
2024-04-30,168.6384735107422,488.7943420410156,0.0205513099882226,0.0708622623947341,0.0302004524870209,1,-0.0221127264383362,41
2024-05-01,167.6186981201172,487.2071533203125,0.0016567139818124,0.0793857365718291,0.0336563480516265,1,-0.0302835709669373,44
2024-05-02,171.3116455078125,491.76422119140625,0.0184826014619887,0.0666936549841987,0.0299784723097058,1,0.1907256208360195,40
2024-05-03,181.558837890625,497.85986328125,0.0831657799926244,-0.0004456811870936,0.0186782144668047,0,0.1731847206066394,58
2024-05-06,179.9054718017578,503.0011291503906,0.0473200447414257,0.0265403253610918,0.0084014764650239,1,0.0842384938466346,59
2024-05-07,180.5885772705078,503.55615234375,0.0708622623947341,0.0289706349435021,0.0119116188281975,1,0.0516038058382092,66
2024-05-08,180.92523193359375,503.6047668457031,0.0793857365718291,0.039604487296911,0.0243432344242293,1,0.0512400758800221,67
2024-05-09,182.7370452880859,506.5065612792969,0.0666936549841987,0.0299479243861922,0.0163790811309396,1,0.0083738458690358,67
2024-05-10,181.47792053222656,507.1589965820313,-0.0004456811870936,0.0372577519665002,0.0165308889697353,1,-0.1734380378561504,59
2024-05-13,184.6802215576172,507.2270812988281,0.0265403253610918,0.0255529052929213,0.0175656226766711,1,-0.1909316480159759,60
2024-05-14,185.82034301757812,509.5543212890625,0.0289706349435021,0.0262498807267774,0.0154020979481677,1,-0.2379447227174585,55
2024-05-15,188.09068298339844,515.8641357421875,0.039604487296911,0.0062195828230255,9.441643896690444e-05,1,-0.2071971545616785,54
2024-05-16,188.2096405029297,514.8026733398438,0.0299479243861922,-0.0155920297422507,-0.0051634193594969,0,-0.1746692694070046,57
2024-05-17,188.2393798828125,515.5427856445312,0.0372577519665002,0.0005792587433537,-1.8705634054150263e-05,1,-0.0340447741746902,50
2024-05-20,189.3993377685547,516.1368408203125,0.0255529052929213,-0.0054961641413174,-0.000471832766385,0,0.017543352395296,40
2024-05-21,190.69810485839844,517.4025268554688,0.0262498807267774,-0.0107098239972807,-0.0098989952133524,0,-0.0086833474247954,43
2024-05-22,189.26052856445312,515.912841796875,0.0062195828230255,0.0020429112133808,-0.0136272175712516,1,-0.0509481433874521,39
2024-05-23,185.2750701904297,512.14453125,-0.0155920297422507,0.0287350211292249,0.0026808561959896,1,-0.058349473073202,34
2024-05-24,188.34841918945312,515.5331420898438,0.0005792587433537,0.0213180074989456,-0.0030978530147711,1,-0.0325623281738337,34
2024-05-28,188.35836791992188,515.893310546875,-0.0054961641413174,0.0229485718618558,-0.0026803050874568,1,0.0511348118123255,38
2024-05-29,188.65576171875,512.28076171875,-0.0107098239972807,0.0293237226522968,0.016289480732516,1,0.1874249181577137,35
2024-05-30,189.6471710205078,508.88238525390625,0.0020429112133808,0.0166763793881539,0.0230574310446176,0,0.1637917443325645,38
2024-05-31,190.5989532470703,513.5175170898438,0.0287350211292249,0.0241351977765276,0.0125905229839147,1,0.1734516838701759,41
2024-06-03,192.36363220214844,513.9360961914062,0.0213180074989456,-0.0046898711269041,0.0148918171724643,0,0.1549925580620765,38
2024-06-04,192.6809234619141,514.5105590820312,0.0229485718618558,0.065860507872596,0.0162002604824988,1,0.1601600381545722,32
2024-06-05,194.18785095214844,520.6255493164062,0.0293237226522968,0.0878133816637125,0.0125125308780413,1,0.1348553752669921,26
2024-06-06,192.8097991943359,520.6159057617188,0.0166763793881539,0.1016042044374387,0.0145700277299354,1,0.2345390811562538,30
2024-06-07,195.1990966796875,519.9829711914062,0.0241351977765276,0.0792320197164477,0.0164231029857615,1,0.2324612188865156,34
2024-06-10,191.4614715576172,521.5895385742188,-0.0046898711269041,0.1219448885083298,0.0213569992849054,1,0.2363919588652524,44
2024-06-11,205.37098693847656,522.8457641601562,0.065860507872596,0.0344677426053701,0.0214917633682201,1,0.2197769802124773,61
2024-06-12,211.2401428222656,527.139892578125,0.0878133816637125,-0.0159103323544619,0.0104182635416931,0,0.2481539657671157,73
2024-06-13,212.40008544921875,528.2012939453125,0.1016042044374387,-0.0315066568236501,0.0070358964877716,0,0.2190261614787114,77
2024-06-14,210.6651153564453,528.522705078125,0.0792320197164477,-0.0204715304752975,0.0031519810571642,0,0.216243925889333,75
2024-06-17,214.80921936035156,532.7291259765625,0.1219448885083298,-0.035076305232865,-0.000936386444268,0,0.1936467190583547,78
2024-06-18,212.4496612548828,534.0826416015625,0.0344677426053701,-0.0048531573533796,-0.0022244671963942,0,0.1281039654344752,69
2024-06-20,207.87924194335935,532.6317749023438,-0.0159103323544619,0.0210798576056474,0.0020705566026049,1,0.0664193452450267,57
2024-06-21,205.70806884765625,531.9176635742188,-0.0315066568236501,0.0150849874537173,-0.0005326485934095,1,-0.0009819012263725,58
2024-06-24,206.35247802734375,530.1885986328125,-0.0204715304752975,0.0413663133167439,0.0047905914965677,1,-0.0366397441273004,71
2024-06-25,207.2745056152344,532.2302856445312,-0.035076305232865,0.0535704584133234,0.0076720793581603,1,-0.0168096260590986,66
2024-06-26,211.41860961914065,532.8945922851562,-0.0048531573533796,0.0389214270403224,0.0109074103662318,1,0.0278167360920017,59
2024-06-27,212.2613067626953,533.734619140625,0.0210798576056474,0.0571694265092834,0.0151363544671816,1,-0.006181051856593,57
2024-06-28,208.81117248535156,531.6343383789062,0.0150849874537173,0.0816636217706423,0.0203228431820408,1,0.0649054165069873,52
2024-07-01,214.88851928710935,532.728515625,0.0413663133167439,0.0550404482475033,0.0192173115630396,1,0.1899012456069121,37
2024-07-02,218.3782958984375,536.3135986328125,0.0535704584133234,0.0577019125690696,0.0224221977971452,1,0.1410935684557884,31
2024-07-03,219.64732360839844,538.7070922851562,0.0389214270403224,0.0271721600713368,0.0091028086112481,1,0.0232100983460744,33
2024-07-05,224.3961639404297,541.8134155273438,0.0571694265092834,0.0185562014812021,0.0096460870933667,1,-0.00927300351422,41
2024-07-08,225.8634490966797,542.4386596679688,0.0816636217706423,0.0288826238987522,0.0112554804235025,1,-0.0211591996252536,40
2024-07-09,226.7160797119141,542.9661254882812,0.0550404482475033,0.026849727740456,0.0162641298738293,1,-0.0390203152153943,37
2024-07-10,230.97914123535156,548.3389282226562,0.0577019125690696,-0.017597945334118,-0.0078031074183672,0,0.0434719542177712,41
2024-07-11,225.61561584472656,543.61083984375,0.0271721600713368,-0.014896511518202,-0.006864521721166,0,0.1150724237615412,44
2024-07-12,228.5601043701172,547.039794921875,0.0185562014812021,-0.0270234526332514,-0.0196434110256953,0,0.2178187684880362,36
2024-07-15,232.3869781494141,548.5440673828125,0.0288826238987522,-0.0445393160068086,-0.0122521153630893,0,0.2341551988623863,43
2024-07-16,232.8033447265625,551.7969970703125,0.026849727740456,-0.0417766926656616,-0.0196151998939898,0,0.2310858020558953,40
2024-07-17,226.9143829345703,544.0601806640625,-0.017597945334118,-0.0451766689680043,-0.0282076877391914,0,0.161232638711992,38
2024-07-18,222.25473022460935,539.8792114257812,-0.014896511518202,-0.0298421234674424,-0.0257844178786645,0,0.2626352443852845,34
2024-07-19,222.3836212158203,536.2940673828125,-0.0270234526332514,-0.0283090596195326,-0.0082880354064727,0,0.2263003521731921,35
2024-07-22,222.03662109375,541.8232421875,-0.0445393160068086,-0.0255401682533189,-0.0178311212323841,0,0.1471543085689728,26
2024-07-23,223.0775909423828,540.973388671875,-0.0417766926656616,-0.0275987469709355,-0.0212721931811463,0,0.0956926439489637,35
2024-07-24,216.66314697265625,528.7135009765625,-0.0451766689680043,0.0161984771575032,0.0177004359740591,0,0.121066864579916,40
2024-07-25,215.62217712402344,525.958740234375,-0.0298421234674424,0.0040002080529952,0.0085437354681996,0,-0.0112890165585737,39
2024-07-26,216.0881500244141,531.8492431640625,-0.0283090596195326,0.0087172642717927,-0.0211958753327187,1,-0.0407890028423733,45
2024-07-29,216.3657684326172,532.1619262695312,-0.0255401682533189,-0.0411015795979998,-0.0502608057561119,1,-0.0326233778083533,57
2024-07-30,216.92092895507812,529.4656982421875,-0.0275987469709355,-0.0528793701239365,-0.0366234662698682,0,0.0115231794339639,54
2024-07-31,220.1727600097656,538.0719604492188,0.0161984771575032,-0.0552053254079456,-0.0583686327605379,1,0.0014041173458099,50
2024-08-01,216.48471069335935,530.452392578125,0.0040002080529952,-0.0231269095097655,-0.0227621157316614,0,0.0313511629803822,52
2024-08-02,217.9718475341797,520.5762329101562,0.0087172642717927,-0.016464959790348,0.000168716096301,0,0.0919935012296322,62
2024-08-05,207.47279357910156,505.4150390625,-0.0411015795979998,0.0406736458365584,0.0307126674975122,1,0.033853600717197,59
2024-08-06,205.4502868652344,510.0748291015625,-0.0528793701239365,0.0689867866275411,0.038092316131044,1,-0.0512916174484416,64
2024-08-07,208.01805114746097,506.6654357910156,-0.0552053254079456,0.0579384626827714,0.0483747151694153,1,-0.0832712715343823,63
2024-08-08,211.47808837890625,518.378173828125,-0.0231269095097655,0.054709472858476,0.0422501397603798,1,-0.0629826686421378,61
2024-08-09,214.38294982910156,520.6640625,-0.016464959790348,0.0465761757052645,0.0400007736889489,1,-0.1230807155370712,44
2024-08-12,215.91146850585935,520.9376831054688,0.0406736458365584,0.0384314487079624,0.0493931899347197,0,0.0248269862598843,45
2024-08-13,219.62364196777344,529.5047607421875,0.0689867866275411,0.0236815091513351,0.0307357373245702,0,0.0624821498990058,40
2024-08-14,220.07029724121097,531.1752319335938,0.0579384626827714,0.0211077434627093,0.0310253913263298,0,0.1234247175355752,48
2024-08-15,223.0479431152344,540.2797241210938,0.054709472858476,-0.0008454151721856,0.0056954727340652,0,0.109125761853324,45
2024-08-16,224.3680877685547,541.4910278320312,0.0465761757052645,0.0034946508773316,0.014107752111778,0,0.0661978334822553,47
2024-08-19,224.20925903320312,546.66845703125,0.0384314487079624,0.0057107164678817,0.0021086088763881,1,0.040587640906635,38
2024-08-20,224.8246612548828,545.7794799804688,0.0236815091513351,0.006710415947106,0.005119295338396,1,0.066432843038014,35
2024-08-21,224.71548461914065,547.6551513671875,0.0211077434627093,0.00039736662449,-0.0041382928951132,1,-0.0425115371191943,27
2024-08-22,222.859375,543.3568725585938,-0.0008454151721856,0.0234268189546378,0.0038293220931664,1,-0.100137573701364,27
2024-08-23,225.1521759033203,549.1302490234375,0.0034946508773316,0.0095222327184445,0.0027572677407343,1,-0.0359991405691419,28
2024-08-26,225.4896545410156,547.8211669921875,0.0057107164678817,-0.0194118972586376,-0.0155314989623979,0,0.0071896725687487,29
2024-08-27,226.3333282470703,548.573486328125,0.006710415947106,-0.0314869950955915,-0.0188938862648462,0,0.0930343038505978,36
2024-08-28,224.8047790527344,545.3887939453125,0.00039736662449,-0.0181463734742723,-0.0155652918366319,0,0.0922072980854962,37
2024-08-29,228.08026123046875,545.4375610351562,0.0234268189546378,-0.0390356413541076,-0.0322198448175555,0,0.1629231926940736,42
2024-08-30,227.2961273193359,550.6443481445312,0.0095222327184445,-0.0353274845011226,-0.0306379344954647,0,0.1902877153494419,39
2024-09-03,221.1124725341797,539.3126831054688,-0.0194118972586376,-0.011940519336819,-0.0059594171590879,0,0.1737136913805591,49
2024-09-04,219.2067718505859,538.2088012695312,-0.0314869950955915,0.0081955681965706,0.0062981308827736,1,0.1484844870865345,40
2024-09-05,220.7253875732422,536.899658203125,-0.0181463734742723,0.0017536947842442,0.0172486666384739,0,0.2076414575179418,42
2024-09-06,219.177001953125,527.8636474609375,-0.0390356413541076,0.0076078475163992,0.040065708367607,0,0.1846272058107636,44
2024-09-09,219.26632690429688,533.7737426757812,-0.0353274845011226,-0.0207777568543223,0.0300691258862282,0,0.1607660646621997,65
2024-09-10,218.47227478027344,536.0986938476562,-0.011940519336819,-0.0150833239103301,0.026020895455437,0,0.1355091973145802,75
2024-09-11,221.0032958984375,541.5985107421875,0.0081955681965706,-0.0088474801141589,0.0125896625364143,0,0.1063649320020908,82
2024-09-12,221.1124725341797,546.1604614257812,0.0017536947842442,0.0273825641559311,0.0212668494426813,1,0.1085659035227515,88
2024-09-13,220.8444671630859,549.0128784179688,0.0076078475163992,0.0256179964393656,0.0142045154505927,1,0.0799480691552162,80
2024-09-16,214.71046447753903,549.8238525390625,-0.0207777568543223,0.0469213677661533,0.0152392556476161,1,-0.0175061367060008,76
2024-09-17,215.1769866943359,550.0484619140625,-0.0150833239103301,0.0488029256326072,0.0177283739869333,1,-0.0448417602959325,59
2024-09-18,219.0479736328125,548.4170532226562,-0.0088474801141589,0.0257374720038161,0.0185046295240041,1,-0.0067465648812762,59
2024-09-19,227.16709899902344,557.7755737304688,0.0273825641559311,-0.0058985238946472,0.0053861671296298,0,-0.0154386984890904,58
2024-09-20,226.50205993652344,556.8113403320312,0.0256179964393656,-0.0017966808090439,0.0056665735300258,0,0.0049686858599836,66
2024-09-23,224.78497314453125,558.2027587890625,0.0469213677661533,0.0288337758768486,0.0071796320720118,1,0.0941560065648594,61
2024-09-24,225.67825317382812,559.7999267578125,0.0488029256326072,-0.0051018759233404,-0.0046910288339361,0,0.0557161786083905,53
2024-09-25,224.6857147216797,558.5653076171875,0.0257374720038161,0.0018112050639309,-0.0020700354716487,1,0.0496987528076358,51
2024-09-26,225.8271484375,560.7798461914062,-0.0058985238946472,-0.0081313217036327,-0.0078280836459846,0,0.0191647965461015,40
2024-09-27,226.09510803222656,559.966552734375,-0.0017966808090439,-0.0043460482086934,0.0026423261364225,0,0.0066112890476133,41
2024-09-30,231.2663726806641,562.21044921875,0.0288337758768486,-0.0485408253071186,-0.0103876170632973,0,-0.0450932854829832,43
2024-10-01,224.52687072753903,557.1738891601562,-0.0051018759233404,-0.0019450079251256,0.0080018736436375,0,-0.0779044359338049,51
2024-10-02,225.09266662597656,557.4090576171875,0.0018112050639309,0.0121702806183408,0.0145554546957653,0,-0.0936258946146283,49
2024-10-03,223.99087524414065,556.3900146484375,-0.0081313217036327,0.0149335132490511,0.0146347686798464,1,-0.0565715161236849,55
2024-10-04,225.11248779296875,561.4461669921875,-0.0043460482086934,0.0033069946855452,0.0115186502838324,0,-0.0292315457729583,47
2024-10-07,220.04051208496097,556.3704223632812,-0.0485408253071186,0.0433489649337837,0.0290948248672902,1,-0.0878508402542634,44
2024-10-08,224.0901641845703,561.63232421875,-0.0019450079251256,0.0357886399491542,0.0115323289483866,1,-0.0450925136867322,38
2024-10-09,227.8321075439453,565.5223999023438,0.0121702806183408,0.0097586229644561,0.0089405677113176,1,-0.0639172776325329,37
2024-10-10,227.3358459472656,564.5326538085938,0.0149335132490511,0.0135783823025419,0.0107961648569627,1,-0.0748380169272422,40
2024-10-11,225.85693359375,567.9132690429688,0.0033069946855452,0.0327399579509462,0.0086442419205539,1,-0.1121020044969475,46
2024-10-14,229.57904052734375,572.5579223632812,0.0433489649337837,0.0223949818991375,-0.0011809241205616,1,0.0301016321996363,41
2024-10-15,232.11004638671875,568.1092529296875,0.0357886399491542,0.0085951714103824,0.0061057797987129,1,0.1351052975654602,50
2024-10-16,230.0554351806641,570.5784912109375,0.0097586229644561,-0.0044007019208773,-0.0074016206910346,1,0.142494728752211,51
2024-10-17,230.42269897460935,570.62744140625,0.0135783823025419,-0.006805915006057,-0.0053401589019762,0,0.1299303283496778,49
2024-10-18,233.25148010253903,572.8224487304688,0.0327399579509462,-0.0152766167034171,-0.0094940684314952,0,0.2209107743369208,45
2024-10-21,234.720458984375,571.8817749023438,0.0223949818991375,-0.0130244223358279,-0.0047974798795822,0,0.1683807607207979,56
2024-10-22,234.1050720214844,571.5780029296875,0.0085951714103824,-0.0092851076532806,-0.0026572030769907,0,0.1265109658241272,45
2024-10-23,229.04302978515625,566.3552856445312,-0.0044007019208773,-0.0028600524270772,0.0034948187687147,0,0.1398531140350714,41
2024-10-24,228.85446166992188,567.5802001953125,-0.006805915006057,-0.0202108172137387,-0.0183000019141361,0,0.0957661168915884,35
2024-10-25,229.6881866455078,567.384033203125,-0.0152766167034171,-0.0367312624291287,-0.0138156974705303,0,0.0155526986045222,31
2024-10-28,231.66336059570312,569.13818359375,-0.0130244223358279,-0.0488002797996877,-0.0189730352309335,0,-0.1829684142555509,14
2024-10-29,231.9313812255859,570.0592041015625,-0.0092851076532806,-0.0437368645950897,-0.0087148080536625,0,-0.2783427306761344,12
2024-10-30,228.3879547119141,568.3345947265625,-0.0028600524270772,-0.0320730739456266,0.0190169373793573,0,-0.3066622201691974,11
2024-10-31,224.2291259765625,557.1934814453125,-0.0202108172137387,0.0069496049017765,0.0474289899352156,0,-0.2322331954325948,7
2024-11-01,221.25144958496097,559.5452270507812,-0.0367312624291287,0.0192889140537524,0.0475447797670685,0,0.2151637502014637,10
2024-11-04,220.35812377929688,558.3399047851562,-0.0488002797996877,0.0111107033325739,0.050806523637654,0,0.0924167297780513,14
2024-11-05,221.7874298095703,565.0912475585938,-0.0437368645950897,0.0045946143604076,0.0350267944273638,0,0.0354818000512964,17
2024-11-06,221.06285095214844,579.142578125,-0.0320730739456266,0.0118879108477434,0.010405354932703,1,0.0370747854835108,19
2024-11-07,225.7874298095703,583.62060546875,0.0069496049017765,0.0043567687276075,-0.0037945877657905,1,0.0361199304461479,21
2024-11-08,225.51914978027344,586.148681640625,0.0192889140537524,-0.0086359442321363,-0.0207961505540711,1,-0.1660713820773012,17
2024-11-11,222.80645751953125,586.7072143554688,0.0111107033325739,0.0169024542379716,-0.0177199514263086,1,-0.0626161252813679,14
2024-11-12,222.80645751953125,584.8845825195312,0.0045946143604076,0.0180618968398786,-0.0110570568007155,1,-0.0085583261468193,11
2024-11-13,223.6908264160156,585.1687622070312,0.0118879108477434,0.0172352941738231,-0.0112025099596815,1,0.0755466017872095,8
2024-11-14,226.77113342285156,581.406005859375,0.0043567687276075,0.0013146568357411,0.0005394847401087,1,0.1544991722330451,8
2024-11-15,223.5715789794922,573.9590454101562,-0.0086359442321363,0.0216444363484624,0.0166624041804621,1,0.2123245841690472,7
2024-11-18,226.5724334716797,576.310791015625,0.0169024542379716,0.0212700130133034,0.0159484853016369,1,0.2140223477035761,4
2024-11-19,226.8307647705078,578.41748046875,0.0180618968398786,0.0297004200508543,0.0175334649109106,1,0.2508248041073481,3
2024-11-20,227.54620361328125,578.6134033203125,0.0172352941738231,0.0258951100515354,0.014106853563955,1,0.1605720028281211,5
2024-11-21,227.0692596435547,581.7196655273438,0.0013146568357411,0.0385523731905959,0.0149577767880142,1,0.0390472784638404,3
2024-11-22,228.41065979003903,583.5225830078125,0.0216444363484624,0.0422847139788638,0.0136353642522923,1,-0.2011067736893892,4
2024-11-25,231.39163208007812,585.5020751953125,0.0212700130133034,0.0419976099414409,0.0106769968432791,1,-0.1755826905369758,5
2024-11-26,233.56773376464844,588.5591430664062,0.0297004200508543,0.0338210483439216,0.0116706987994237,1,-0.1755826905369758,5
2024-11-27,233.43853759765625,586.7758178710938,0.0258951100515354,0.0345208733750503,0.0130754592257846,1,-0.3094330181678136,3
2024-11-29,235.8233184814453,590.4208984375,0.0385523731905959,0.023216559493655,0.0087295584949163,1,-0.3094330181678136,3
2024-12-02,238.0689392089844,591.4791259765625,0.0422847139788638,0.0298844654490428,0.0017395891399609,1,-0.0033650621771812,2
2024-12-03,241.10952758789065,591.7534790039062,0.0419976099414409,0.0211003436794086,-0.0018377997809039,1,,0
2024-12-04,241.4672393798828,595.4280395507812,0.0338210483439216,0.0143204364643667,-0.0003290453901202,1,,0
2024-12-05,241.49703979492188,594.4481811523438,0.0345208733750503,0.0202436381442809,-0.0038406729586786,1,,0
2024-12-06,241.29832458496097,595.5750122070312,0.023216559493655,0.0217839222847338,-0.0059228926384885,1,,0
2024-12-09,245.1835021972656,592.508056640625,0.0298844654490428,0.0173860458319732,0.0034894122698259,1,,0
2024-12-10,246.197021484375,590.6659545898438,0.0211003436794086,0.0230455746249342,0.002471513477023,1,,0
2024-12-11,244.92515563964844,595.2321166992188,0.0143204364643667,0.0063288501356424,-0.0348664000009023,1,,0
2024-12-12,246.3858184814453,592.1651000976562,0.0202436381442809,0.0073802538789993,-0.0301656364186764,1,,0
2024-12-13,246.55474853515625,592.0474853515625,0.0217839222847338,0.0256316726132816,-0.0183220678207021,1,,0
2024-12-16,249.44627380371097,594.5755615234375,0.0173860458319732,0.0168499430898916,-0.0166424644352435,1,,0
2024-12-17,251.8707733154297,592.1257934570312,0.0230455746249342,0.0186207301405383,-0.0015988432171929,1,,0
2024-12-18,246.47525024414065,574.478515625,0.0063288501356424,0.0442249682133388,0.0291393476760513,1,,0
2024-12-19,248.20420837402344,574.3020629882812,0.0073802538789993,0.0232195240826269,0.0186190035140523,1,,0
2024-12-20,252.87435913085935,581.199951171875,0.0256316726132816,-0.0089983486976578,-0.0049564289599869,0,,0
2024-12-23,253.64942932128903,584.6803588867188,0.0168499430898916,-0.0189995060508617,-0.0144781464982733,0,,0
