date,failure_category,aapl_momentum_5d,average_sentiment_5d,headline_count_5d,aapl_future_return_5d,spy_future_return_5d,outperformed,momentum_probability,momentum_prediction,tone_probability,tone_prediction,headline_context
2024-10-30,Highest-probability tone false positive,-0.0028600524270772,-0.3066622201691974,11,-0.0320730739456266,0.0190169373793573,0,0.5331369303830941,1,0.5692418016640642,1,Apple stock slips after a big cut for iPhone 16 orders [-0.95] | Apple Stock Drops After Analyst Reports Cut In iPhone 16 Orders [-0.95] | Apple Intelligence is here. Early users are underwhelmed [-0.80]
2024-10-29,Highest-probability tone false positive,-0.0092851076532806,-0.2783427306761344,12,-0.0437368645950897,-0.0087148080536625,0,0.5372374994487716,1,0.5645585925894918,1,Apple stock slips after a big cut for iPhone 16 orders [-0.95] | Apple Stock Drops After Analyst Reports Cut In iPhone 16 Orders [-0.95] | Prediction: Apple Stock Will Be Below $200 by the End of the Year [-0.89]
2024-10-31,Highest-probability tone false positive,-0.0202108172137387,-0.2322331954325948,7,0.0069496049017765,0.0474289899352156,0,0.5441986112848662,1,0.5569090908740648,1,Apple Intelligence is here. Early users are underwhelmed [-0.80] | Apple Stock Downgraded To Sell Ahead Of Earnings. Here's Why. [-0.56] | Warren Buffett Has Dumped a Lot of Apple Stock Recently. Should Investors Follow His Lead? [-0.54]
2024-11-19,Lowest-probability tone false negative,0.0180618968398786,0.2508248041073481,3,0.0297004200508543,0.0175334649109106,1,0.5197560367277984,1,0.4758352068825065,0,"Smart Home Devices Could Boost Apple Stock, Analyst Says [+0.93] | Billionaire Investor Warren Buffett Sold Apple Shares for a Fourth Straight Quarter. Should Investors Be Worried? [-0.25] | Could Buying Apple Today Set You Up for Life? [+0.07]"
2024-06-10,Lowest-probability tone false negative,-0.0046898711269041,0.2363919588652524,44,0.1219448885083298,0.0213569992849054,1,0.5343052292712888,1,0.4782603757615368,0,"Nvidia closes above $3 trillion for first time, overtakes Apple as second-largest co. in US market [+0.90] | Apple Turns Positive for 2024 After Addressing Key Bear Concerns [+0.89] | S&amp;P 500, Nasdaq 100 Jointly Hit All-Time Highs, Nvidia Overtakes Apple As Second Most Valuable US Company [+0.89]"
2024-06-07,Lowest-probability tone false negative,0.0241351977765276,0.2324612188865156,34,0.0792320197164477,0.0164231029857615,1,0.5158656108633138,1,0.4789210452983966,0,"Nvidia closes above $3 trillion for first time, overtakes Apple as second-largest co. in US market [+0.90] | Apple Turns Positive for 2024 After Addressing Key Bear Concerns [+0.89] | S&amp;P 500, Nasdaq 100 Jointly Hit All-Time Highs, Nvidia Overtakes Apple As Second Most Valuable US Company [+0.89]"
2024-10-30,Contrarian signal failure,-0.0028600524270772,-0.3066622201691974,11,-0.0320730739456266,0.0190169373793573,0,0.5331369303830941,1,0.5692418016640642,1,Apple stock slips after a big cut for iPhone 16 orders [-0.95] | Apple Stock Drops After Analyst Reports Cut In iPhone 16 Orders [-0.95] | Apple Intelligence is here. Early users are underwhelmed [-0.80]
2024-10-29,Contrarian signal failure,-0.0092851076532806,-0.2783427306761344,12,-0.0437368645950897,-0.0087148080536625,0,0.5372374994487716,1,0.5645585925894918,1,Apple stock slips after a big cut for iPhone 16 orders [-0.95] | Apple Stock Drops After Analyst Reports Cut In iPhone 16 Orders [-0.95] | Prediction: Apple Stock Will Be Below $200 by the End of the Year [-0.89]
2024-10-31,Contrarian signal failure,-0.0202108172137387,-0.2322331954325948,7,0.0069496049017765,0.0474289899352156,0,0.5441986112848662,1,0.5569090908740648,1,Apple Intelligence is here. Early users are underwhelmed [-0.80] | Apple Stock Downgraded To Sell Ahead Of Earnings. Here's Why. [-0.56] | Warren Buffett Has Dumped a Lot of Apple Stock Recently. Should Investors Follow His Lead? [-0.54]
2024-07-18,Positive-tone disappointment,-0.014896511518202,0.2626352443852845,34,-0.0298421234674424,-0.0257844178786645,0,0.5408146870388673,1,0.4738515262963706,0,"Morgan Stanley Doubles Down on Apple (AAPL) Stock With Top AI Call [-0.93] | Global smartphone market grew 6.5% in Q2, led by Samsung and Apple, IDC says [+0.93] | Apple stock poised to rise 11% on iPhone AI updates, says BoA [+0.92]"
2024-06-12,Positive-tone disappointment,0.0878133816637125,0.2481539657671157,73,-0.0159103323544619,0.0104182635416931,0,0.4750487747925537,0,0.4762839086545636,0,"Apple's Intelliphones to Drive Significant Upgrade Cycle, Increase Android Migration, BofA Says [+0.94] | Analysis-Apple's AI push could reinvigorate iPhone sales as customers look to upgrade [+0.91] | Apple Debuts a Clear AI Strategy. It Hopes to Spur iPhone Sales. [+0.91]"
2024-07-15,Positive-tone disappointment,0.0288826238987522,0.2341551988623863,43,-0.0445393160068086,-0.0122521153630893,0,0.5128231482295605,1,0.4786363159485874,0,"Morgan Stanley Doubles Down on Apple (AAPL) Stock With Top AI Call [-0.93] | Global smartphone market grew 6.5% in Q2, led by Samsung and Apple, IDC says [+0.93] | Apple stock poised to rise 11% on iPhone AI updates, says BoA [+0.92]"
2024-06-17,Momentum reversal,0.1219448885083298,0.1936467190583547,78,-0.035076305232865,-0.000936386444268,0,0.4532729838121548,0,0.4854484884204795,0,"Apple (AAPL) Stock Declined as Smartphone Demand Dropped [-0.96] | Market Chatter: Nvidia Set for Over 20% Weighting in SPFR ETF, Apple to Drop Significantly [-0.94] | Apple's Intelliphones to Drive Significant Upgrade Cycle, Increase Android Migration, BofA Says [+0.94]"
2024-06-13,Momentum reversal,0.1016042044374387,0.2190261614787114,77,-0.0315066568236501,0.0070358964877716,0,0.4662341302132647,0,0.4811797209296049,0,"Apple's Intelliphones to Drive Significant Upgrade Cycle, Increase Android Migration, BofA Says [+0.94] | Apple Sued by Employees Alleging Unequal Pay for Women [-0.93] | Apple, Nvidia Secure Future with Taiwan Semi's Advanced Chips as AI Demand Soars [+0.92]"
2024-06-12,Momentum reversal,0.0878133816637125,0.2481539657671157,73,-0.0159103323544619,0.0104182635416931,0,0.4750487747925537,0,0.4762839086545636,0,"Apple's Intelliphones to Drive Significant Upgrade Cycle, Increase Android Migration, BofA Says [+0.94] | Analysis-Apple's AI push could reinvigorate iPhone sales as customers look to upgrade [+0.91] | Apple Debuts a Clear AI Strategy. It Hopes to Spur iPhone Sales. [+0.91]"
2024-11-01,Model disagreement,-0.0367312624291287,0.2151637502014637,10,0.0192889140537524,0.0475447797670685,0,0.5546907271826306,1,0.4818292084272788,0,Apple sees record revenues on strong iPhone sales [+0.93] | Apple CFO Says Active Installed Base Hits New All-Time High [+0.89] | Apple Services Revenue Hits Record High [+0.81]
2024-09-06,Model disagreement,-0.0390356413541076,0.1846272058107636,44,0.0076078475163992,0.040065708367607,0,0.5561505859429131,1,0.4869660948973218,0,Apple (AAPL) Rose in Anticipation of the Incorporation of AI in iPhone 16 [+0.92] | Apple's (NASDAQ:AAPL) investors will be pleased with their fantastic 342% return over the last five years [+0.91] | iPhone 16's lack of Apple Intelligence in China leaves market open to rivals like Huawei [-0.89]
2024-07-19,Model disagreement,-0.0270234526332514,0.2263003521731921,35,-0.0283090596195326,-0.0082880354064727,0,0.5485306045041585,1,0.4799566967906688,0,"Morgan Stanley Doubles Down on Apple (AAPL) Stock With Top AI Call [-0.93] | Global smartphone market grew 6.5% in Q2, led by Samsung and Apple, IDC says [+0.93] | Goldman Sachs expects Apple to post an earnings beat [+0.91]"
