date,AAPL,SPY
2023-01-03,122.98271942138672,364.1340026855469
2023-01-04,124.25118255615234,366.9451293945313
2023-01-05,122.93353271484376,362.7570495605469
2023-01-06,127.456787109375,371.0758056640625
2023-01-09,127.97794342041016,370.8654479980469
2023-01-10,128.54823303222656,373.4663391113281
2023-01-11,131.26222229003906,378.1898498535156
2023-01-12,131.18353271484375,379.5667724609375
2023-01-13,132.510986328125,381.0392761230469
2023-01-17,133.6713409423828,380.34130859375
2023-01-18,132.95350646972656,374.33642578125
2023-01-19,133.0124969482422,371.61138916015625
2023-01-20,135.569091796875,378.53411865234375
2023-01-23,138.7550506591797,383.0759887695313
2023-01-24,140.1513214111328,382.6647644042969
2023-01-25,139.49249267578125,382.8082580566406
2023-01-26,141.55747985839844,387.0155029296875
2023-01-27,143.4945831298828,387.9046630859375
2023-01-30,140.6134796142578,383.0377197265625
2023-01-31,141.88194274902344,388.6696472167969
2023-02-01,143.00291442871094,392.80035400390625
2023-02-02,148.30299377441406,398.5183715820313
2023-02-03,151.9215545654297,394.282470703125
2023-02-06,149.1977996826172,391.8728637695313
2023-02-07,152.06907653808594,396.9980163574219
2023-02-08,149.3845977783203,392.6568603515625
2023-02-09,148.3521270751953,389.2529296875
2023-02-10,148.71656799316406,390.1613159179687
2023-02-13,151.51341247558594,394.7414245605469
2023-02-14,150.8732452392578,394.5597534179687
2023-02-15,152.9709014892578,395.841064453125
2023-02-16,151.3755340576172,390.3907470703125
2023-02-17,150.233154296875,389.41546630859375
2023-02-21,146.22494506835938,381.6033935546875
2023-02-22,146.64842224121094,381.0775451660156
2023-02-23,147.13099670410156,383.1046142578125
2023-02-24,144.48184204101562,379.01220703125
2023-02-27,145.67344665527344,380.3030700683594
2023-02-28,145.17120361328125,378.89752197265625
2023-03-01,143.10308837890625,377.4440307617187
2023-03-02,143.69398498535156,380.3795166015625
2023-03-03,148.73623657226562,386.4799499511719
2023-03-06,151.4936981201172,386.74761962890625
2023-03-07,149.29757690429688,380.8193664550781
2023-03-08,150.5482940673828,381.44091796875
2023-03-09,148.3029022216797,374.40338134765625
2023-03-10,146.24462890625,369.0009460449219
2023-03-13,148.18472290039062,368.47503662109375
2023-03-14,150.2725372314453,374.5658874511719
2023-03-15,150.6664276123047,372.2232666015625
2023-03-16,153.48301696777344,378.7539367675781
2023-03-17,152.64593505859375,374.3252868652344
2023-03-20,155.00946044921875,377.9247131347656
2023-03-21,156.86094665527344,382.8870849609375
2023-03-22,155.43296813964844,376.3601684570313
2023-03-23,156.5162353515625,377.3776550292969
2023-03-24,157.81622314453125,379.85400390625
2023-03-27,155.87608337402344,380.5642700195313
2023-03-28,155.25564575195312,379.7099914550781
2023-03-29,158.3283233642578,385.2290954589844
2023-03-30,159.89414978027344,387.4847106933594
2023-03-31,162.3955841064453,392.9461364746094
2023-04-03,163.64627075195312,394.44342041015625
2023-04-04,163.11448669433594,392.2550659179687
2023-04-05,161.2728729248047,391.2279968261719
2023-04-06,162.15921020507812,392.7540893554687
2023-04-10,159.5691680908203,393.1572265625
2023-04-11,158.35784912109375,393.2628479003906
2023-04-12,157.66847229003906,391.659912109375
2023-04-13,163.04554748535156,396.8621826171875
2023-04-14,162.70086669921875,395.8928833007813
2023-04-17,162.72056579589844,397.3133850097656
2023-04-18,163.94174194335938,397.572509765625
2023-04-19,165.08413696289062,397.50531005859375
2023-04-20,164.11895751953125,395.3360900878906
2023-04-21,162.51376342773438,395.6432800292969
2023-04-24,162.81907653808594,396.0559692382813
2023-04-25,161.28273010253906,389.76910400390625
2023-04-26,161.2728729248047,388.1181335449219
2023-04-27,165.8522491455078,395.8448486328125
2023-04-28,167.10299682617188,399.2234497070313
2023-05-01,167.0143280029297,398.8202819824219
2023-05-02,165.98028564453125,394.3378601074219
2023-05-03,164.9068603515625,391.631103515625
2023-05-04,163.27203369140625,388.8572082519531
2023-05-05,170.9338836669922,396.0559692382813
2023-05-08,170.86495971679688,396.1615295410156
2023-05-09,169.1612548828125,394.42425537109375
2023-05-10,170.9240264892578,396.26715087890625
2023-05-11,171.11114501953125,395.5760803222656
2023-05-12,170.1841583251953,395.0577087402344
2023-05-15,169.69107055664062,396.4207458496094
2023-05-16,169.69107055664062,393.7716064453125
2023-05-17,170.30247497558594,398.5515747070313
2023-05-18,172.6298828125,402.3909301757813
2023-05-19,172.73834228515625,401.8053588867187
2023-05-22,171.79161071777344,401.9685668945313
2023-05-23,169.18812561035156,397.4573669433594
2023-05-24,169.46421813964844,394.5777587890625
2023-05-25,170.59835815429688,397.9948425292969
2023-05-26,173.00460815429688,403.1491088867187
2023-05-30,174.8487548828125,403.3027038574219
2023-05-31,174.79945373535156,401.0663146972656
2023-06-01,177.6001739501953,404.8768615722656
2023-06-02,178.4482879638672,410.7318420410156
2023-06-05,177.09722900390625,409.9447021484375
2023-06-06,176.73236083984375,410.83740234375
2023-06-07,175.361572265625,409.4167785644531
2023-06-08,178.07354736328125,411.8932189941406
2023-06-09,178.45816040039062,412.6322937011719
2023-06-12,181.24900817871097,416.3757019042969
2023-06-13,180.7756805419922,419.1206970214844
2023-06-14,181.4068145751953,419.619873046875
2023-06-15,183.43832397460935,424.82220458984375
2023-06-16,182.36341857910156,423.3750915527344
2023-06-20,182.45216369628903,421.1786193847656
2023-06-21,181.41668701171875,419.0205383300781
2023-06-22,184.4146423339844,420.53314208984375
2023-06-23,184.0990753173828,417.3538818359375
2023-06-26,182.7085723876953,415.6486511230469
2023-06-27,185.45999145507812,420.20562744140625
2023-06-28,186.6335296630859,420.41754150390625
2023-06-29,186.96885681152344,422.0744934082031
2023-06-30,191.2882843017578,427.0553283691406
2023-07-03,189.79916381835935,427.5466613769531
2023-07-05,188.6847991943359,426.9108581542969
2023-07-06,189.15814208984375,423.56781005859375
2023-07-07,188.04376220703125,422.4984436035156
2023-07-10,186.0023651123047,423.56781005859375
2023-07-11,185.479736328125,426.2653198242187
2023-07-12,187.1463928222656,429.6950378417969
2023-07-13,187.9056854248047,433.10546875
2023-07-14,188.0536346435547,432.8357238769531
2023-07-17,191.3080139160156,434.3385925292969
2023-07-18,191.05160522460935,437.5660095214844
2023-07-19,192.40264892578125,438.5390625
2023-07-20,190.4599151611328,435.6295471191406
2023-07-21,189.28634643554688,435.6295471191406
2023-07-24,190.0851593017578,437.57568359375
2023-07-25,190.9430999755859,438.7702941894531
2023-07-26,191.8109436035156,438.8377380371094
2023-07-27,190.5486602783203,435.9281921386719
2023-07-28,193.12257385253903,440.1961059570313
2023-07-31,193.73399353027344,441.03424072265625
2023-08-01,192.90560913085935,439.772216796875
2023-08-02,189.9175262451172,433.6546020507813
2023-08-03,188.52700805664065,432.4118041992187
2023-08-04,179.47389221191406,430.4561462402344
2023-08-07,176.37734985351562,434.2133483886719
2023-08-08,177.314208984375,432.32513427734375
2023-08-09,175.72647094726562,429.4349670410156
2023-08-10,175.50950622558594,429.5890502929687
2023-08-11,175.56874084472656,429.3385620117187
2023-08-14,177.2178955078125,431.70855712890625
2023-08-15,175.23301696777344,426.6795959472656
2023-08-16,174.3639678955078,423.548583984375
2023-08-17,171.82611083984375,420.3211975097656
2023-08-18,172.30996704101562,420.5234375
2023-08-21,173.6431427001953,423.259521484375
2023-08-22,175.0157470703125,422.1130981445313
2023-08-23,178.8571319580078,426.8144836425781
2023-08-24,174.17637634277344,420.8992309570313
2023-08-25,176.3784942626953,423.866455078125
2023-08-28,177.93878173828125,426.5543518066406
2023-08-29,181.81964111328125,432.72015380859375
2023-08-30,185.30555725097656,434.5024108886719
2023-08-31,185.52279663085935,433.8664855957031
2023-09-01,187.09292602539065,434.67584228515625
2023-09-05,187.32994079589844,432.7972106933594
2023-09-06,180.6248016357422,429.8876953125
2023-09-07,175.3416290283203,428.5679016113281
2023-09-08,175.95388793945312,429.21337890625
2023-09-11,177.11912536621094,432.0361022949219
2023-09-12,174.09738159179688,429.6661682128906
2023-09-13,172.03347778320312,430.1671142578125
2023-09-14,173.54437255859375,433.8761291503906
2023-09-15,172.82347106933594,428.6487121582031
2023-09-18,175.7465057373047,428.9001159667969
2023-09-19,176.832763671875,428.0105895996094
2023-09-20,173.2974853515625,424.0758056640625
2023-09-21,171.7569580078125,417.0664978027344
2023-09-22,172.60621643066406,416.1286926269531
2023-09-25,173.8800811767578,417.8785705566406
2023-09-26,169.81158447265625,411.7394409179687
2023-09-27,168.30068969726562,411.90380859375
2023-09-28,168.55746459960938,414.2916870117187
2023-09-29,169.07095336914062,413.2863464355469
2023-10-02,171.57920837402344,413.12200927734375
2023-10-03,170.24606323242188,407.5918884277344
2023-10-04,171.4903564453125,410.5599670410156
2023-10-05,172.7247314453125,410.40521240234375
2023-10-06,175.2725067138672,415.2779541015625
2023-10-09,176.75376892089844,417.93658447265625
2023-10-10,176.16123962402344,420.1119079589844
2023-10-11,177.5536346435547,421.832763671875
2023-10-12,178.45225524902344,419.2611083984375
2023-10-13,176.6155242919922,417.1728820800781
2023-10-16,176.4871368408203,421.5620422363281
2023-10-17,174.93673706054688,421.542724609375
2023-10-18,173.6431427001953,415.9256591796875
2023-10-19,173.2678680419922,412.2712097167969
2023-10-20,170.7200927734375,407.2051696777344
2023-10-23,170.8385772705078,406.4993896484375
2023-10-24,171.2731170654297,409.5641479492187
2023-10-25,168.96234130859375,403.68597412109375
2023-10-26,164.80494689941406,398.8520202636719
2023-10-27,166.11831665039062,397.0440979003906
2023-10-30,168.16246032714844,401.7911071777344
2023-10-31,168.636474609375,404.314453125
2023-11-01,171.79649353027344,408.6263122558594
2023-11-02,175.3514862060547,416.4573974609375
2023-11-03,174.4429931640625,420.2569274902344
2023-11-06,176.99073791503906,421.2237243652344
2023-11-07,179.5484161376953,422.4225463867187
2023-11-08,180.6050262451172,422.7319030761719
2023-11-09,180.1310272216797,419.4351501464844
2023-11-10,184.3136749267578,425.9803161621094
2023-11-13,182.73158264160156,425.5743103027344
2023-11-14,185.342041015625,433.8307495117187
2023-11-15,185.90565490722656,434.7491760253906
2023-11-16,187.5866546630859,435.2809753417969
2023-11-17,187.56687927246097,435.8223876953125
2023-11-20,189.3071746826172,439.1770629882813
2023-11-21,188.50624084472656,438.219970703125
2023-11-22,189.16873168945312,439.9118957519531
2023-11-24,187.84373474121097,440.18255615234375
2023-11-27,187.66571044921875,439.3898315429687
2023-11-28,188.26889038085935,439.8248901367187
2023-11-29,187.2504425048828,439.5154724121094
2023-11-30,187.8239288330078,441.2460632324219
2023-12-01,189.0995178222656,443.85638427734375
2023-12-04,187.3097381591797,441.5264587402344
2023-12-05,191.2551116943359,441.4394226074219
2023-12-06,190.16741943359375,439.6605224609375
2023-12-07,192.0955810546875,443.015380859375
2023-12-08,193.51947021484375,444.9199523925781
2023-12-11,191.0178070068359,446.65045166015625
2023-12-12,192.5306854248047,448.6903991699219
2023-12-13,195.74429321289065,454.8778991699219
2023-12-14,195.89260864257812,456.3377685546875
2023-12-15,195.3586578369141,455.58642578125
2023-12-18,193.6974639892578,458.1491088867187
2023-12-19,194.7357177734375,460.93505859375
2023-12-20,192.6493225097656,454.54779052734375
2023-12-21,192.50099182128903,458.8577575683594
2023-12-22,191.43309020996097,459.7799072265625
2023-12-26,190.88926696777344,461.7213134765625
2023-12-27,190.9881134033203,462.55621337890625
2023-12-28,191.413330078125,462.7308654785156
2023-12-29,190.3750762939453,461.391357421875
2024-01-02,183.56219482421875,458.8092041015625
2024-01-03,182.1877288818359,455.0623168945313
2024-01-04,179.87391662597656,453.596435546875
2024-01-05,179.15211486816406,454.2178039550781
2024-01-08,183.4830780029297,460.7021484375
2024-01-09,183.0677795410156,460.0031433105469
2024-01-10,184.1060333251953,462.6046752929687
2024-01-11,183.51272583007812,462.4009094238281
2024-01-12,183.83905029296875,462.7211608886719
2024-01-16,181.57467651367188,461.0224609375
2024-01-17,180.63531494140625,458.4597778320313
2024-01-18,186.5187225341797,462.5367736816406
2024-01-19,189.4159240722656,468.3028564453125
2024-01-22,191.7198486328125,469.2929382324219
2024-01-23,192.99539184570312,470.66168212890625
2024-01-24,192.3230133056641,471.1761474609375
2024-01-25,191.99671936035156,473.7388000488281
2024-01-26,190.26629638671875,473.1369934082031
2024-01-29,189.58399963378903,476.8839416503906
2024-01-30,185.93533325195312,476.5151062011719
2024-01-31,182.3360595703125,468.73968505859375
2024-02-01,184.76856994628903,474.8746032714844
2024-02-02,183.76983642578125,479.8738098144531
2024-02-05,185.5793609619141,478.1264953613281
2024-02-06,187.1812286376953,479.51458740234375
2024-02-07,187.29000854492188,483.5139465332031
2024-02-08,186.2122039794922,483.7275085449219
2024-02-09,186.97454833984375,486.523193359375
2024-02-12,185.2914276123047,486.3096008300781
2024-02-13,183.2023773193359,479.6116638183594
2024-02-14,182.3211975097656,483.97027587890625
2024-02-15,182.0341033935547,487.3094787597656
2024-02-16,180.4994659423828,484.8826904296875
2024-02-20,179.75694274902344,482.2132263183594
2024-02-21,180.5093994140625,482.6500244140625
2024-02-22,182.53903198242188,492.6386413574219
2024-02-23,180.7074279785156,492.9784240722656
2024-02-26,179.3609161376953,491.1728820800781
2024-02-27,180.8163146972656,492.0853576660156
2024-02-28,179.6183319091797,491.43499755859375
2024-02-29,178.95497131347656,493.2016906738281
2024-03-01,177.87582397460938,497.8320007324219
2024-03-04,173.36111450195312,497.2981567382813
2024-03-05,168.43057250976562,492.3280944824219
2024-03-06,167.4404754638672,494.8227844238281
2024-03-07,167.32167053222656,499.734619140625
2024-03-08,169.03448486328125,496.7351684570313
2024-03-11,171.03443908691406,496.3079833984375
2024-03-12,171.5096435546875,501.6470031738281
2024-03-13,169.43051147460938,500.8606262207031
2024-03-14,171.2819366455078,499.87054443359375
2024-03-15,170.90574645996094,496.4380798339844
2024-03-18,171.99481201171875,499.3885192871094
2024-03-19,174.3313446044922,502.16363525390625
2024-03-20,176.8956298828125,506.8083190917969
2024-03-21,169.6681365966797,508.4832763671875
2024-03-22,170.569091796875,507.5191955566406
2024-03-25,169.15330505371094,506.1170654296875
2024-03-26,168.02464294433594,505.1822509765625
2024-03-27,171.58885192871094,509.4276428222656
2024-03-28,169.77703857421875,509.330322265625
2024-04-01,168.3414306640625,508.4442138671875
2024-04-02,167.16326904296875,505.2115478515625
2024-04-03,167.96522521972656,505.7664489746094
2024-04-04,167.14344787597656,499.5930786132813
2024-04-05,167.89590454101562,504.8121948242187
2024-04-08,166.77716064453125,505.0945739746094
2024-04-09,167.98500061035156,505.6788330078125
2024-04-10,166.11378479003906,500.6153869628906
2024-04-11,173.3016815185547,504.3935546875
2024-04-12,174.7967071533203,497.4313354492187
2024-04-15,170.9750213623047,491.199462890625
2024-04-16,167.69790649414062,490.30364990234375
2024-04-17,166.33160400390625,487.40185546875
2024-04-18,165.3811492919922,486.3989562988281
2024-04-19,163.3614044189453,482.1535034179687
2024-04-22,164.19305419921875,486.5937194824219
2024-04-23,165.24252319335938,492.3678894042969
2024-04-24,167.34146118164062,492.1341857910156
2024-04-25,168.20281982421875,490.2646484375
2024-04-26,167.6186981201172,494.909423828125
2024-04-29,171.7769775390625,496.6620788574219
2024-04-30,168.6384735107422,488.7943420410156
2024-05-01,167.6186981201172,487.2071533203125
2024-05-02,171.3116455078125,491.76422119140625
2024-05-03,181.558837890625,497.85986328125
2024-05-06,179.9054718017578,503.0011291503906
2024-05-07,180.5885772705078,503.55615234375
2024-05-08,180.92523193359375,503.6047668457031
2024-05-09,182.7370452880859,506.5065612792969
2024-05-10,181.47792053222656,507.1589965820313
2024-05-13,184.6802215576172,507.2270812988281
2024-05-14,185.82034301757812,509.5543212890625
2024-05-15,188.09068298339844,515.8641357421875
2024-05-16,188.2096405029297,514.8026733398438
2024-05-17,188.2393798828125,515.5427856445312
2024-05-20,189.3993377685547,516.1368408203125
2024-05-21,190.69810485839844,517.4025268554688
2024-05-22,189.26052856445312,515.912841796875
2024-05-23,185.2750701904297,512.14453125
2024-05-24,188.34841918945312,515.5331420898438
2024-05-28,188.35836791992188,515.893310546875
2024-05-29,188.65576171875,512.28076171875
2024-05-30,189.6471710205078,508.88238525390625
2024-05-31,190.5989532470703,513.5175170898438
2024-06-03,192.36363220214844,513.9360961914062
2024-06-04,192.6809234619141,514.5105590820312
2024-06-05,194.18785095214844,520.6255493164062
2024-06-06,192.8097991943359,520.6159057617188
2024-06-07,195.1990966796875,519.9829711914062
2024-06-10,191.4614715576172,521.5895385742188
2024-06-11,205.37098693847656,522.8457641601562
2024-06-12,211.2401428222656,527.139892578125
2024-06-13,212.40008544921875,528.2012939453125
2024-06-14,210.6651153564453,528.522705078125
2024-06-17,214.80921936035156,532.7291259765625
2024-06-18,212.4496612548828,534.0826416015625
2024-06-20,207.87924194335935,532.6317749023438
2024-06-21,205.70806884765625,531.9176635742188
2024-06-24,206.35247802734375,530.1885986328125
2024-06-25,207.2745056152344,532.2302856445312
2024-06-26,211.41860961914065,532.8945922851562
2024-06-27,212.2613067626953,533.734619140625
2024-06-28,208.81117248535156,531.6343383789062
2024-07-01,214.88851928710935,532.728515625
2024-07-02,218.3782958984375,536.3135986328125
2024-07-03,219.64732360839844,538.7070922851562
2024-07-05,224.3961639404297,541.8134155273438
2024-07-08,225.8634490966797,542.4386596679688
2024-07-09,226.7160797119141,542.9661254882812
2024-07-10,230.97914123535156,548.3389282226562
2024-07-11,225.61561584472656,543.61083984375
2024-07-12,228.5601043701172,547.039794921875
2024-07-15,232.3869781494141,548.5440673828125
2024-07-16,232.8033447265625,551.7969970703125
2024-07-17,226.9143829345703,544.0601806640625
2024-07-18,222.25473022460935,539.8792114257812
2024-07-19,222.3836212158203,536.2940673828125
2024-07-22,222.03662109375,541.8232421875
2024-07-23,223.0775909423828,540.973388671875
2024-07-24,216.66314697265625,528.7135009765625
2024-07-25,215.62217712402344,525.958740234375
2024-07-26,216.0881500244141,531.8492431640625
2024-07-29,216.3657684326172,532.1619262695312
2024-07-30,216.92092895507812,529.4656982421875
2024-07-31,220.1727600097656,538.0719604492188
2024-08-01,216.48471069335935,530.452392578125
2024-08-02,217.9718475341797,520.5762329101562
2024-08-05,207.47279357910156,505.4150390625
2024-08-06,205.4502868652344,510.0748291015625
2024-08-07,208.01805114746097,506.6654357910156
2024-08-08,211.47808837890625,518.378173828125
2024-08-09,214.38294982910156,520.6640625
2024-08-12,215.91146850585935,520.9376831054688
2024-08-13,219.62364196777344,529.5047607421875
2024-08-14,220.07029724121097,531.1752319335938
2024-08-15,223.0479431152344,540.2797241210938
2024-08-16,224.3680877685547,541.4910278320312
2024-08-19,224.20925903320312,546.66845703125
2024-08-20,224.8246612548828,545.7794799804688
2024-08-21,224.71548461914065,547.6551513671875
2024-08-22,222.859375,543.3568725585938
2024-08-23,225.1521759033203,549.1302490234375
2024-08-26,225.4896545410156,547.8211669921875
2024-08-27,226.3333282470703,548.573486328125
2024-08-28,224.8047790527344,545.3887939453125
2024-08-29,228.08026123046875,545.4375610351562
2024-08-30,227.2961273193359,550.6443481445312
2024-09-03,221.1124725341797,539.3126831054688
2024-09-04,219.2067718505859,538.2088012695312
2024-09-05,220.7253875732422,536.899658203125
2024-09-06,219.177001953125,527.8636474609375
2024-09-09,219.26632690429688,533.7737426757812
2024-09-10,218.47227478027344,536.0986938476562
2024-09-11,221.0032958984375,541.5985107421875
2024-09-12,221.1124725341797,546.1604614257812
2024-09-13,220.8444671630859,549.0128784179688
2024-09-16,214.71046447753903,549.8238525390625
2024-09-17,215.1769866943359,550.0484619140625
2024-09-18,219.0479736328125,548.4170532226562
2024-09-19,227.16709899902344,557.7755737304688
2024-09-20,226.50205993652344,556.8113403320312
2024-09-23,224.78497314453125,558.2027587890625
2024-09-24,225.67825317382812,559.7999267578125
2024-09-25,224.6857147216797,558.5653076171875
2024-09-26,225.8271484375,560.7798461914062
2024-09-27,226.09510803222656,559.966552734375
2024-09-30,231.2663726806641,562.21044921875
2024-10-01,224.52687072753903,557.1738891601562
2024-10-02,225.09266662597656,557.4090576171875
2024-10-03,223.99087524414065,556.3900146484375
2024-10-04,225.11248779296875,561.4461669921875
2024-10-07,220.04051208496097,556.3704223632812
2024-10-08,224.0901641845703,561.63232421875
2024-10-09,227.8321075439453,565.5223999023438
2024-10-10,227.3358459472656,564.5326538085938
2024-10-11,225.85693359375,567.9132690429688
2024-10-14,229.57904052734375,572.5579223632812
2024-10-15,232.11004638671875,568.1092529296875
2024-10-16,230.0554351806641,570.5784912109375
2024-10-17,230.42269897460935,570.62744140625
2024-10-18,233.25148010253903,572.8224487304688
2024-10-21,234.720458984375,571.8817749023438
2024-10-22,234.1050720214844,571.5780029296875
2024-10-23,229.04302978515625,566.3552856445312
2024-10-24,228.85446166992188,567.5802001953125
2024-10-25,229.6881866455078,567.384033203125
2024-10-28,231.66336059570312,569.13818359375
2024-10-29,231.9313812255859,570.0592041015625
2024-10-30,228.3879547119141,568.3345947265625
2024-10-31,224.2291259765625,557.1934814453125
2024-11-01,221.25144958496097,559.5452270507812
2024-11-04,220.35812377929688,558.3399047851562
2024-11-05,221.7874298095703,565.0912475585938
2024-11-06,221.06285095214844,579.142578125
2024-11-07,225.7874298095703,583.62060546875
2024-11-08,225.51914978027344,586.148681640625
2024-11-11,222.80645751953125,586.7072143554688
2024-11-12,222.80645751953125,584.8845825195312
2024-11-13,223.6908264160156,585.1687622070312
2024-11-14,226.77113342285156,581.406005859375
2024-11-15,223.5715789794922,573.9590454101562
2024-11-18,226.5724334716797,576.310791015625
2024-11-19,226.8307647705078,578.41748046875
2024-11-20,227.54620361328125,578.6134033203125
2024-11-21,227.0692596435547,581.7196655273438
2024-11-22,228.41065979003903,583.5225830078125
2024-11-25,231.39163208007812,585.5020751953125
2024-11-26,233.56773376464844,588.5591430664062
2024-11-27,233.43853759765625,586.7758178710938
2024-11-29,235.8233184814453,590.4208984375
2024-12-02,238.0689392089844,591.4791259765625
2024-12-03,241.10952758789065,591.7534790039062
2024-12-04,241.4672393798828,595.4280395507812
2024-12-05,241.49703979492188,594.4481811523438
2024-12-06,241.29832458496097,595.5750122070312
2024-12-09,245.1835021972656,592.508056640625
2024-12-10,246.197021484375,590.6659545898438
2024-12-11,244.92515563964844,595.2321166992188
2024-12-12,246.3858184814453,592.1651000976562
2024-12-13,246.55474853515625,592.0474853515625
2024-12-16,249.44627380371097,594.5755615234375
2024-12-17,251.8707733154297,592.1257934570312
2024-12-18,246.47525024414065,574.478515625
2024-12-19,248.20420837402344,574.3020629882812
2024-12-20,252.87435913085935,581.199951171875
2024-12-23,253.64942932128903,584.6803588867188
2024-12-24,256.560791015625,591.1790771484375
2024-12-26,257.3756103515625,591.2184448242188
2024-12-27,253.96739196777344,584.9949951171875
2024-12-30,250.59890747070312,578.3192749023438
2024-12-31,248.83021545410156,576.2152709960938
